帧号,车辆ID,速度(m/s),距离(m),角度(deg)
71,275,-2.4211088575448985,228.23645861588435,-8.222295674613619
71,276,-2.4288665916891388,227.90891475119554,-7.325587408674058
71,277,-2.32142926775829,229.20769143411331,-6.486012160945978
72,275,-2.612894836413906,227.9751621058434,-8.21443765684701
72,276,-2.5851649888593564,227.65040031932548,-7.316767129870861
72,277,-2.5634598596923315,228.95134685137484,-6.476357083315073
73,275,-2.745237021724243,227.70063968330862,-8.20616219704713
73,276,-2.8291744988050698,227.36747184268387,-7.307090530026358
73,277,-2.69246931671567,228.68210289384643,-6.466192462736976
74,275,-2.935538629823348,227.40707706109256,-8.197290357713959
74,276,-3.027130857668921,227.0647594043442,-7.296710179487157
74,277,-2.9191817073060466,228.3901677257095,-6.4551436612105855
75,275,-3.1084001979525393,227.09624297316452,-8.187871203502322
75,276,-3.2820116036206493,226.73655202318224,-7.285423785197504
75,277,-3.09219441585906,228.3901677257095,-6.4551436612105855
76,275,-3.304955308883615,226.76573741315963,-8.177827227334607
76,276,-3.427679647981224,226.3937805585885,-7.273601094089317
76,277,-3.2881684293836293,228.08095926077172,-6.443409761867095
77,275,-3.4882922059273196,226.76573741315963,-8.177827227334607
77,276,-3.5950201783159783,226.3937805585885,-7.273601094089317
77,277,-3.5148695778326284,227.4006531579569,-6.417479157933993
78,271,-2.1689352820760806,24.524744599498675,42.73833822564638
78,275,-3.6379784045372645,226.05310451773548,-8.156069165481144
78,276,-3.750133897725011,225.65926196922612,-7.248143670484692
78,277,-3.750632936985766,227.02559028867506,-6.403115654189391
79,271,-1.3184913742589663,24.349951262634622,41.91594233529422
79,272,-2.430548173277922,27.205902277832735,48.57392648012695
79,275,-3.84122207879176,225.66898716107963,-8.144283520429209
79,276,-3.9058810914969095,225.26866437172433,-7.234537431663801
79,277,-3.999344555694435,226.62563943828596,-6.3877457692416755
80,270,-2.2610322493210124,29.803451173526504,52.73006400869612
80,271,-0.44906327667943385,24.261550633582477,40.915649939468224
80,272,-1.8242188862592528,26.99352641048179,48.01736783401902
80,275,-4.097840724488729,225.25919545002483,-8.131665185547636
80,276,-4.050290544624952,224.8636309389,-7.220377637539226
80,277,-4.137856674526686,226.21184324505975,-6.371785642362237
81,270,-1.630132792744887,29.608579592889143,52.08306796988873
81,271,0.4241837905729386,24.26030421952038,39.750991361769216
81,272,-1.2118802901620593,26.842152786118675,47.32230924427015
81,275,-4.2915237801834065,224.8300295387646,-8.118400269930326
81,276,-4.275985553441742,224.43601088000364,-7.205371905204161
81,277,-4.3535178195462985,225.77645937759945,-6.354928644372261
82,270,-0.9850637433370774,29.477620432173524,51.27962803220494
82,271,1.2935491064502402,24.346274411360373,38.44155511458091
82,272,-0.6016445993092793,26.751365674267287,46.49034225094985
82,275,-4.487890546569079,224.8300295387646,-8.118400269930326
82,276,-4.500563236955867,223.98594318433655,-7.189515610280346
82,277,-4.504370058204721,225.32603289867046,-6.337419505086231
83,270,-0.33020977356792214,29.411715328879858,50.327271160891534
83,271,2.143028365579632,24.518122334533825,37.01468311040164
83,272,0.01857693285363838,26.721975518952725,45.523351062513974
83,275,-4.622273778871968,224.38125024355708,-8.104474088178842
83,276,-4.720339156337097,223.98594318433655,-7.189515610280346
83,277,-4.69538891716399,224.8564767399548,-6.319090791639869
84,270,0.32930318930190533,29.411664926401155,49.23971712494372
84,271,2.9751897131985814,24.774307535189433,35.493171751020036
84,272,0.6342396891641927,26.754629137559206,44.44690779475184
84,275,-4.860801866401571,223.43292490589292,-8.07485973538601
84,276,-4.919172924113128,223.02199006229844,-7.155335981669136
84,277,-4.838272323440605,224.37263605607856,-6.300122864077022
85,270,0.986716691255901,29.477503642957146,48.03267938566813
85,271,3.7666260845498556,25.11133655638898,33.908092910763266
85,272,1.2490028240029092,26.848902696440742,43.26656386013647
85,275,-5.067500679589417,222.92618177683204,-8.058930366310497
85,276,-5.126602722901114,222.50931731979435,-7.137035223610536
85,277,-4.972873520160806,223.8753256702617,-6.280539969368659
86,270,1.6217349351117605,29.607654514448168,46.732920492146015
86,271,4.565836997951635,25.52956685952218,32.27047190716551
86,272,1.85804113065997,27.004442565716992,41.99778300162687
86,275,-5.272139755672982,222.3989456187922,-8.04227864116681
86,276,-5.3783021651118865,221.97146993405667,-7.117743517418669
86,277,-5.104699498693915,223.36483413393498,-6.260345763553113
87,270,2.2664487947956853,29.80254350009381,45.3438293391183
87,271,5.277709705009812,26.021288415907147,30.620647924729422
87,272,2.4665882542455617,27.2212186541508,40.65267261080403
87,275,-5.476744135617597,221.85126503416626,-8.02489619950604
87,276,-5.614550012123423,221.41000452416898,-7.0975031005945155
87,277,-5.310729698193516,222.83375348256433,-6.2392371795652535
88,270,2.8906030920879076,30.0605701154204,43.888985233177785
88,271,5.949689991241946,26.582497330649336,28.97685496126406
88,272,3.0417406663414637,27.49647805431282,39.25713498363737
88,275,-5.7208929637115515,221.27915816854917,-8.006645290974992
88,276,-5.797747357853533,220.83019830878396,-7.076491775264043
88,277,-5.553447123149974,222.27837575123326,-6.217053092631908
89,270,3.486394369680264,30.379231482763164,42.39027589561954
89,271,6.633589493748879,27.213933082476807,27.342852830593127
89,272,3.6024855744873547,27.828806328824065,37.82455394004791
89,275,-5.856848535025916,220.6934525285933,-7.987861114219218
89,276,-5.966502700421266,220.23353149562382,-7.054752100206615
89,277,-5.681204764726336,221.71023479715768,-6.1942421709614255
90,270,4.093394077487171,30.7593288667897,40.8526511376392
90,271,7.21137749746357,27.90558063690192,25.74793076171676
90,272,4.114629228608702,28.213750953620114,36.378366860642785
90,275,-5.991867296282126,220.094256399686,-7.968539316499267
90,276,-6.1227444877989,219.6212430589494,-7.032318477314037
90,277,-5.859310583150874,221.1242843024062,-6.170591243978427
91,270,4.6358960800764075,31.195089597850604,39.30610859307822
91,271,7.767592113271388,28.65504882130159,24.197392984091007
91,272,4.637395142893691,28.652017567881323,34.92002768974565
91,275,-6.125728669239733,219.48166304471354,-7.9486748455167655
91,276,-6.355820194604129,218.9856259006075,-7.00889526803731
91,277,-6.05137856573821,220.51911642206562,-6.14603036449765
92,270,5.157216401742563,31.684346872676784,37.76134613151425
92,271,8.265341729009746,29.45650385310871,22.701890285600943
92,272,5.141516893278661,29.14179307586782,33.460809000978415
92,275,-6.256015665208286,218.85603746345095,-7.928271311356678
92,276,-6.606251649440955,218.3249841348512,-6.984402990723664
92,277,-6.2054155878066295,219.89855312635657,-6.120701774019373
93,270,5.657490563559389,32.22497655063469,36.22771508009946
93,271,8.732466186576303,30.306710273046306,21.264639210487143
93,272,5.5837116715296435,29.677236685616396,32.020636609338275
93,275,-6.505853719980553,218.20543015760242,-7.906927110181346
93,276,-6.789718910043031,217.64597988160264,-6.9590724900414775
93,277,-6.4585847627276,219.2526675425183,-6.094184646375718
94,270,6.154428993020041,32.816484465356034,34.70928062861234
94,271,9.17522673216694,31.203034556462388,19.88688951743133
94,272,6.07389400220446,30.26261974111063,30.59065459666386
94,275,-6.720869255064937,217.5333172438666,-7.8847413151737245
94,276,-7.006831160165534,216.94526065734723,-6.932762939846309
94,277,-6.675424856617523,218.58508783210291,-6.0666092044961655
95,270,6.599870948268101,33.45392715170453,33.22015736626693
95,271,9.569329346405894,32.14056925429562,18.57226127788518
95,272,6.440357610108752,30.886250400967413,29.200264588311708
95,275,-6.953537512907096,216.8379381860841,-7.861640605271779
95,276,-7.1424395486984,216.23099266846228,-6.905766302884918
95,277,-6.812441405238441,217.90381247757716,-6.038290696631578
96,270,7.078137639954279,34.140224073892675,31.754792558709276
96,271,9.942742480599591,33.11706170751032,17.319463152738965
96,272,6.876350535200999,31.55447490585316,27.835003285224385
96,275,-7.189621908759944,216.11895148910008,-7.83759698153129
96,276,-7.352796328950547,215.49568338187632,-6.8777843476084195
96,277,-6.973133996377139,217.2064579616451,-6.009116502223513
97,270,7.464883866488941,34.86661474135031,30.33200830454611
97,271,10.25691644941022,34.126556225702785,16.131156506043254
97,272,7.221900456219667,32.258591948247876,26.512407816453916
97,275,-7.386758429382924,215.38022527375264,-7.812723526669706
97,276,-7.548048669229407,214.740829576848,-6.848855981980737
97,277,-7.152539829719321,216.49116759998546,-5.97899312056882
98,270,7.814488428972955,35.62936237309504,28.95661562965509
98,271,10.57283376919113,35.16899044813112,15.002345461735327
98,272,7.552498953626117,32.99698593591149,25.233280227725384
98,275,-7.519246949338178,214.62829685598132,-7.787227033348384
98,276,-7.7255097875916805,213.96824380890325,-6.819033179321714
98,277,-7.3902107952678815,215.75210622009766,-5.947654995996442
99,270,8.192504610139917,36.431002070767214,27.62198598320934
99,271,10.816607139258235,36.23715324840229,13.935621515183831
99,272,7.838222355183244,33.76520286235563,24.00252475831255
99,275,-7.726150735407981,213.8556429669802,-7.76083815083297
99,276,-7.9757262566595015,213.17063332560963,-6.788013789018324
99,277,-7.536347599475777,214.99842692547753,-5.915471044963192
100,270,8.507692769875156,37.26538790288463,26.33617234713408
100,271,11.032944355846858,37.3281825064005,12.928213775502268
100,272,8.205725641858614,34.570973813861166,22.806058105071116
100,275,-7.871804607540289,213.06842341016372,-7.733751941273414
100,276,-8.173276344487753,213.17063332560963,-6.788013789018324
100,277,-7.76525884394198,214.22186315475253,-5.882068583216487
101,270,8.856855454854584,38.135635330620254,25.092077599608142
101,271,11.348117098936598,38.45160170382669,11.967148970561132
101,272,8.430729815594693,35.400429221416886,21.66218491885425
101,275,-8.094818650654117,212.25890578826107,-7.705685745754138
101,276,-8.399680705266425,211.5133284063468,-6.722799743707262
101,277,-7.936769419318944,213.42812855143464,-5.847671651754451
102,270,9.136298817056042,39.034907614883984,23.897036993129674
102,271,11.486041309850325,39.58990855392685,11.063059390363792
102,272,8.700619122873686,36.25777424239068,20.56171136091168
102,275,-8.348198636442307,211.4240507161015,-7.676512475187657
102,276,-8.651673051501703,211.5133284063468,-6.722799743707262
102,277,-8.146217106473394,212.61346308880354,-5.812095562810655
103,270,9.432397326090575,39.9646996051152,22.746222548011684
103,271,11.692882712727892,40.749721453297504,10.205934231005855
103,272,8.95718396054598,37.14161990751863,19.503915143002704
103,275,-8.563484029860572,210.56766611188493,-7.64634275836566
103,276,-8.872339887992961,209.76092607116993,-6.6527034630055715
103,277,-8.31192084061768,211.78221326651445,-5.775507769687147
104,270,9.631784920275738,40.915478698319404,21.64801466241959
104,271,11.921682575171381,41.93313226276059,9.390751730394392
104,272,9.208392029776913,38.051349342836566,18.487104699781554
104,275,-8.811096822046663,209.68651011572297,-7.6150390880104455
104,276,-9.119627009020228,208.8489025711594,-6.615748923533098
104,277,-8.536803532490449,211.78221326651445,-5.775507769687147
105,270,9.923299648744008,41.89612702109455,20.58907703898835
105,271,12.06650932199622,43.13174688434204,8.61979055933958
105,272,9.333357930160869,38.97452923434525,17.521643822012997
105,273,-2.5356450016601304,24.609635510230678,42.99202893685824
105,275,-8.996850529557932,208.7867799827915,-7.582798599262445
105,276,-9.32319503119382,208.8489025711594,-6.615748923533098
105,277,-8.758968666783625,210.0526330791959,-5.698433662092378
106,270,10.139051105317133,42.899159671423725,19.57497879528133
106,271,12.149889101395283,44.33943738448248,7.892978042767432
106,272,9.579525395406732,39.92293260146363,16.59202152925463
106,273,-1.6496649932622294,24.400101041426595,42.217916152180656
106,275,-9.191195014492505,207.86760848595338,-7.549568649965031
106,276,-9.554373631275924,206.96114324365877,-6.538205258490957
106,277,-8.976143937097833,209.1549470493552,-5.65791845895494
107,270,10.285248694011393,43.917666988359734,18.60910674743146
107,271,12.290242285078373,45.56172727971732,7.203418093065197
107,272,9.778553697168254,40.89185789310647,15.700701613683055
107,273,-0.7436672299160385,24.28015589129538,41.251190102128554
107,275,-9.436079293046358,206.92394649275832,-7.515141259874201
107,276,-9.76823373195878,206.96114324365877,-6.538205258490957
107,277,-9.121605297216856,208.24271010467695,-5.616381692536263
108,270,10.481958526250665,44.956516350827066,17.68349144746318
108,271,12.480269809081163,46.8034884459049,6.545749375091648
108,272,9.872464592250616,41.87091183888854,14.854064501330546
108,273,0.17002160209612094,24.251585307666133,40.11083422508263
108,275,-9.59028165087774,205.96485370159712,-7.479822429878769
108,276,-9.893689801310297,204.99494744793395,-6.455894077482896
108,277,-9.313071037237108,207.31134172897703,-5.573589256171174
109,270,10.636557729692717,46.01149006321034,16.798998365378015
109,271,12.517147279597983,48.049473646531474,5.925228352848498
109,272,10.08567707709928,42.87176491946865,14.039268489027974
109,273,1.0877847367863878,24.314573156556765,38.80712561489234
109,275,-9.804484817657245,204.9843547445937,-7.443368090213165
109,276,-10.09551215337316,203.98532135320042,-6.413000193998985
109,277,-9.496991088953896,206.36156521812103,-5.5295453468651194
110,270,10.803261665752977,47.083697584693844,15.951888680085677
110,271,12.681503921496967,49.31229607541271,5.332921747321716
110,272,10.270296871992018,43.89154265213139,13.256838284633917
110,273,1.9789697808171813,24.4677953438529,37.37664493579339
110,275,-9.94799762298291,203.98949536937653,-7.406015772981808
110,276,-10.287120818675726,202.95653068043794,-6.368845109225472
110,277,-9.646313700916512,205.3968398826391,-5.484382871975115
111,270,10.984636549998521,48.1745664009225,15.138697506790304
111,271,12.723634900499947,50.57975591114309,4.772220447932836
111,272,10.400586069075308,44.92486120858951,12.508712113526396
111,273,2.8564714839438343,24.709852833251187,35.840032494313576
111,275,-10.080486595182597,202.98137498329635,-7.367785883198051
111,276,-10.497516564536896,201.90668623097196,-6.323313991893502
111,277,-9.80802214486962,204.4159614562813,-5.438018335578277
112,270,11.180458997940843,49.28543724202958,14.356490550216586
112,271,12.81430409114684,50.57975591114309,4.772220447932836
112,272,10.49953787140312,45.96854170605284,11.79469505376284
112,273,3.710733610182062,25.03874555847952,34.22400004296132
112,275,-10.285210675244944,201.9527854094818,-7.3283798153978905
112,276,-10.663592906810276,200.84024011906504,-6.276566465776831
112,277,-10.047826356796874,203.41108785978832,-5.390046445841962
113,270,11.223250418880667,50.40116194662629,13.613397327418326
113,271,12.99357741521866,53.16099312860152,3.7232548688013365
113,272,10.625787382828394,47.02527117731902,11.110676949833506
113,273,4.513742255958949,25.449967760587327,32.562175340702666
113,275,-10.451780602672878,200.90753226614515,-7.287915042780491
113,276,-10.841896971087403,199.75595691385055,-6.22851572664034
113,277,-10.234917697121753,202.38750160014067,-5.340681403949973
114,270,11.394838763802136,51.534435263017514,12.89852961547421
114,271,13.071378522329478,54.46415859217783,3.235856889058335
114,272,10.68392536272771,48.088242114545594,10.458816576869786
114,273,5.256532842561047,25.93791273731152,30.884419336271407
114,275,-10.656603654249865,199.8417996954575,-7.246214240473006
114,276,-10.978081592899208,198.65804632690973,-6.179316519404406
114,277,-10.460548310324603,201.3413435319569,-5.2896983712039045
115,270,11.462527991425269,52.67491184375316,12.216361673770312
115,271,13.130537505046558,55.773515321069574,2.7716126658536666
115,272,10.82594753007116,49.16572816121815,9.832073801983627
115,273,5.9794798427220766,26.500346409090394,29.204754511743744
115,275,-10.874376365234802,198.7542889203266,-7.203192386998373
115,276,-11.212704836292799,197.53666938116936,-6.128490410144806
115,277,-10.673218202619097,200.27391807995573,-5.237118424970439
116,270,11.63699303582572,53.83315057644814,11.558713496908522
116,271,13.147174302400861,57.08482067944885,2.3302675278112828
116,272,10.87193731746522,50.24817276875382,9.234184536424046
116,273,6.687112505219463,27.135575562244707,27.53539297248453
116,275,-11.047280232692652,197.6494758305324,-7.158992893925099
116,276,-11.435258703431538,196.3930361285671,-6.076046201818755
116,277,-10.801637257455749,199.19364241737762,-5.183319628635336
117,270,11.697636074991367,54.99782092225847,10.930306989838938
117,271,13.289337205632917,58.41054435776377,1.906238315954775
117,272,10.996394521918765,51.343349748344224,8.659115877118728
117,273,7.279197936194983,27.832708439846364,25.907860865344773
117,275,-11.298473646781094,196.51953658461164,-7.113265186486961
117,276,-11.654260448956986,195.22750099726298,-6.021953123381555
117,277,-10.995468986603754,198.09397813303946,-5.127939739543428
118,270,11.844322874000083,56.17744538954526,10.32485960165349
118,271,13.328082709159776,59.740347210038955,1.5016287800329182
118,272,11.06370013096623,52.4455337231675,8.108381022296463
118,273,7.900500320147418,28.594018144430994,24.31771346767645
118,275,-11.544706199875202,195.36497532667218,-7.065985068340904
118,276,-11.854908793402258,194.04188950042814,-5.966248455960329
118,277,-11.135904989348713,196.9802629113851,-5.071208419933862
119,270,11.868259755718974,57.35980283516601,9.746985371172245
119,271,13.414024504087296,61.07893361633427,1.113778836546837
119,272,11.118243516680593,53.5534582725251,7.580997121293696
119,273,8.449435941928709,29.412454974704627,22.780284322042924
119,275,-11.733795730250268,194.19148785027087,-7.017343572984511
119,276,-12.101237145319724,192.8316279189139,-5.908665082669626
119,277,-11.243396112793421,195.8557951165828,-5.013260555486297
120,270,12.040990440418621,58.559650268665784,9.188033633536625
120,271,13.435059642785056,62.41981723744472,0.7434147724946217
120,272,11.237092348803447,54.67347114337941,7.072638195653764
120,273,8.910307856003225,30.27933076169315,21.308817022268148
120,275,-11.871630856467412,193.00422514370143,-6.967518348885503
120,276,-12.233403299128431,191.60815143010078,-5.849698705525372
120,277,-11.241587357464986,194.73150098152124,-4.95463784144326
121,270,12.028327743651687,59.75853338933128,8.655182207205424
121,271,13.420882273589706,63.75946127573847,0.39027009469138974
121,272,11.274343798475822,55.797440385719405,6.585750693256552
121,273,9.326312335096059,31.190001254989234,19.906026202901284
121,275,-11.996109568810096,191.8045069908306,-6.916532494001042
121,276,-12.362315897444633,190.37178153830828,-5.789325327270512
121,277,-11.14685420468873,193.61669640887337,-4.895822762914562
122,270,12.146245750872783,60.96942059559091,8.141189355301478
122,271,13.4994224373476,65.1071011963476,0.05087820399728134
122,272,11.427320033577612,56.93686731192378,6.114300155238035
122,273,9.735640979210794,32.1434836124282,18.56835480731747
122,275,-11.967126910910928,190.60768394433725,-6.8650184722985825
122,276,-12.60450721303836,189.11118365128922,-5.726939393983594
122,277,-11.166658957989764,192.4998943377421,-4.836203908588484
123,270,12.172055024837602,62.18312305622519,7.64872287570866
123,271,13.507566202505595,66.45569977305634,-0.2738915550915907
123,272,11.423099011815545,58.0760998325145,5.663688618883495
123,273,10.17443954651291,33.14237422945536,17.28840733686652
123,275,-11.979241151558538,189.40963875997062,-6.812787799156699
123,276,-12.812460814338051,187.82977602369405,-5.662647522968178
123,277,-11.154179203298186,191.38433782753182,-4.775941148457317
124,270,12.35397873994182,63.41515524405364,7.170513444265986
124,271,13.608899441121581,67.81454498496757,-0.587073388020936
124,272,11.522775059253249,59.22545058763876,5.228700940140182
124,273,10.48671824378646,34.17421574914347,16.077477597372688
124,275,-11.981584175350289,188.21136867691737,-6.759869778043686
124,276,-13.024281776996792,186.52718355776125,-5.596368331390103
124,277,-11.14462202345538,190.26974684892778,-4.7150086357687595
125,270,12.335319863664736,64.64556092522909,6.71330641804354
125,271,13.609891984699665,69.17362330210099,-0.8871006355160678
125,272,11.607813785071412,60.383463572201336,4.809063257694289
125,273,10.772491856595366,35.23618240456172,14.932689748563954
125,275,-11.925006468427227,187.0187476383241,-6.706515205767266
125,276,-13.217106727138688,185.20530224128447,-5.528134256867923
125,277,-11.124352195088914,189.15717171703048,-4.653453597821797
126,270,12.421190827326326,65.88471302713958,6.272088886458241
126,271,13.694025193929317,70.54121216627415,-1.1765117484773773
126,272,11.628915442040922,61.54375125617832,4.406147320961878
126,273,11.110440619199187,36.333159770580394,13.843798734889376
126,275,-11.99447249927282,185.81919149325591,-6.652146348371264
126,276,-13.398281201468423,183.86527836276355,-5.457940681089797
126,277,-11.19868393647976,188.0371516496275,-4.590733679793264
127,270,12.516579097064348,67.13354746060116,5.845715941408738
127,271,13.750655335327755,71.91456377190707,-1.4553079924434051
127,272,11.642808621728427,62.705597913304175,4.019178750458561
127,273,11.306027405997726,37.45104922075046,12.819508803908876
127,275,-12.031456922028145,184.6159243011676,-6.596885810295615
127,276,-13.550952118070766,182.5100023452083,-5.3858768603962615
127,277,-11.207162029911926,186.91629929028556,-4.527196852929889
128,270,12.508751845409256,68.38177865839597,5.436754183404955
128,271,13.720064385337613,73.28495232356173,-1.7223980761483528
128,272,11.645860782241625,63.867879308966465,3.647556117038924
128,273,11.624099315626967,38.60169785264112,11.844102641888156
128,275,-11.936702152188799,183.42212680569648,-6.541329738216492
128,276,-13.743459767433649,181.13544720603514,-5.311662055610106
128,277,-11.195744922694558,185.79657681581588,-4.4629403182612615
129,270,12.602746865901674,69.63953110661747,5.04100596213478
129,271,13.72174251898949,74.65561574361284,-1.9791045203659954
129,272,11.71271836854665,65.03697573619465,3.2884399864503333
129,273,11.766588400208628,39.76774589678339,10.927624091489696
129,275,-11.9422505230219,182.22778104824192,-6.485005416447419
129,276,-13.9242001045047,179.74281412328324,-5.235287663203097
129,277,-11.092120367270978,184.68720689783044,-4.398490908594448
130,270,12.583181085572006,70.89548599422031,4.661202303902649
130,271,13.85558957180432,76.03972418815789,-2.2283542154097136
130,272,11.781406150508776,66.21303651834623,2.9411630896227217
130,273,12.000874925410962,40.958061776434555,10.058260946072782
130,275,-11.935645998822856,181.03407861057264,-6.427954091840733
130,276,-14.101004003681929,178.3324888947986,-5.156699714937057
130,277,-11.167794593990287,183.57027066171068,-4.332795718210128
131,270,12.625267456494456,72.15577374038611,4.294627244094339
131,271,13.885633064299936,77.4269098612845,-2.468677921331845
131,272,11.771452125525576,67.38823402601119,2.607329584049404
131,273,12.12135626307973,42.16132343002937,9.239917169971056
131,274,-1.9767809744178053,24.48784160726251,42.60718634701062
131,275,-11.941162627391021,179.8398383621967,-6.370103959847774
131,276,-14.043443226982392,176.9279093428452,-5.077158024853038
131,277,-11.190824540760817,182.4510393172171,-4.266138748349173
132,270,12.774250543614919,73.43104666803464,3.9376610899319937
132,271,13.886189874588203,78.81422096267573,-2.7000672147308364
132,272,11.875128859421267,68.573873887798,2.2831240052320654
132,273,12.345334840648883,43.38764902955853,8.461771141297552
132,274,-1.1570303417443788,24.3315124972423,41.779771090865715
132,275,-12.01512382305959,178.63819224423403,-6.31109853057382
132,276,-14.084645909820441,175.51921489403097,-4.996074795771939
132,277,-11.183238852910799,181.33255607802906,-4.198683750474797
133,270,12.81119386082982,74.7101154863668,3.5929418455161337
133,271,13.910806565594742,80.20406144996997,-2.9233951660072224
133,272,11.86811920888134,69.75891265733455,1.9710118832528962
133,273,12.470062726618556,44.62713916726621,7.726675387268353
133,274,-0.3333540973080767,24.256676361492723,40.780564550966496
133,275,-11.949242649239606,177.44312776762334,-6.251607393991831
133,276,-14.042930113160237,174.11468519694463,-4.913894141335507
133,277,-11.154116489580092,180.21697364971277,-4.130548564666653
134,270,12.750100857897332,75.9832089098756,3.262328449063185
134,271,13.908730775490076,81.59376601738668,-3.1386735415460767
134,272,11.9265337700786,70.94988239779953,1.6686880698820978
134,273,12.59082275546096,45.87933490345121,7.0312607794447395
134,274,0.48970384164190195,24.264615364132194,39.63527154954664
134,275,-12.005861997266209,176.2424050453257,-6.1910051828502555
134,276,-14.02469510885478,172.7119751687489,-4.830453894905267
134,277,-11.15331981342387,179.10147839098073,-4.061548296161561
135,270,12.806871089542913,77.26207338967177,2.942078749949447
135,271,13.904275170021258,82.98309814559558,-3.346298840593682
135,272,12.021392438654875,72.15040515324257,1.3748276510478343
135,273,12.737153856018713,47.14668910671055,6.3710528858411895
135,274,1.309343377469546,24.354687769872914,38.35381164688133
135,275,-11.978089785512761,176.2424050453257,-6.1910051828502555
135,276,-14.104088267062897,171.30130654870362,-4.745128493814875
135,277,-11.11892474463569,179.10147839098073,-4.061548296161561
136,270,12.892378554530511,78.54955845818925,2.6310327022981372
136,271,13.96674937645482,84.37871296662489,-3.547618707763672
136,272,11.980251140163974,73.34690753920134,1.092245221691684
136,273,12.928308047107812,48.43358878068723,5.7413228042260895
136,274,2.1280109145950608,24.526990252316256,36.953924313713316
136,275,-11.898339030429,173.85475497759623,-6.067957079488939
136,276,-14.066085166629179,169.8944414828132,-4.658587049407021
136,277,-11.156634303654315,176.87392575663537,-3.9210881942558293
137,270,12.88416032005489,79.83632142706455,2.330947861885273
137,271,13.941478419105628,85.77185796943837,-3.741714765930098
137,272,12.010739204210171,74.54653281109451,0.8186982405967391
137,273,12.95005957942236,49.723195776316494,5.147587300011636
137,274,2.906375141817254,24.778518719611593,35.47113393910621
137,275,-11.974452916113886,172.65716747059201,-6.004930070968828
137,276,-14.111712813336945,168.48300291077152,-4.570275515918033
137,277,-11.1605843870254,176.87392575663537,-3.9210881942558293
138,270,12.889526615162984,81.1236888364669,2.0409505790688827
138,271,13.94076354568132,87.16497888540074,-3.929294551650691
138,272,12.048099723750974,75.74995516863247,0.553608564303533
138,273,13.07543119874448,51.02572482256126,4.58242929472952
138,274,3.662059685148661,25.107078296983563,33.92631134310117
138,275,-11.92492357973172,171.4645108997266,-5.941268576675232
138,276,-14.022750665369129,167.08045697029934,-4.481004782340356
138,277,-11.16312088757998,174.6415478588713,-3.776633248376202
139,270,12.9970505786771,82.42188058399519,1.7583435701957915
139,271,14.00518824341865,88.56459311446027,-4.111517718056597
139,272,12.129154553400081,76.96153934466744,0.2956726256260762
139,273,13.232492104564892,52.344282912706475,4.042577974008198
139,274,4.417107303011436,25.51239072733882,32.33273916332884
139,275,-11.879483890647732,170.2764209391539,-5.876944674242228
139,276,-13.995369201077203,165.6806420834345,-4.390361941832298
139,277,-11.185024341857591,173.52286558682857,-3.7028086477084687
140,270,13.04352919260506,83.72477570397594,1.4841340910320484
140,271,13.978394258487898,89.96156568349856,-4.287475245213706
140,272,12.108038390487867,78.17108416998684,0.046679761874859886
140,273,13.265890315882778,53.6665567180364,3.531030974313619
140,274,5.064826573386313,25.984926177355437,30.734976833384582
140,275,-11.99172865988077,169.0770905392743,-5.811074963517059
140,276,-13.993637457987305,164.28099113437472,-4.298144779726906
140,277,-11.09495862515709,172.4131810883706,-3.628605402234215
141,270,13.06848155725098,85.03024417823262,1.2183769685493417
141,271,14.076648384774906,91.36839069931575,-4.458984731144106
141,272,12.144643756435427,79.38434674309764,-0.19496028231983326
141,273,13.305777781265371,54.99315210274441,3.0453408852392116
141,274,5.724288316007738,26.52524125738593,29.135275386996963
141,275,-11.880961267216417,167.88882549108195,-5.744864005651167
141,276,-14.003217118216513,162.88037930621184,-4.204235573766283
141,277,-11.133157565909476,171.29967186271372,-3.553153228780758
142,270,13.089140735852737,86.33783870975557,0.9607683057717712
142,271,14.100288192090085,92.77762541330296,-4.625337814870415
142,272,12.157069722514251,80.59890467588443,-0.4291112025441418
142,273,13.376082742215276,56.32705809121264,2.5825358870757964
142,274,6.368388977515099,27.131701101475024,27.544982471840193
142,275,-11.880197723837233,166.7006503834857,-5.677692770827029
142,276,-14.0559947073826,161.47447505865748,-4.108288864719926
142,277,-11.161978771793642,170.1832936131686,-3.476487625378617
143,270,13.117050377419872,87.64828166380904,0.7107978622391827
143,271,14.037122882016993,94.18058788363338,-4.785787132125435
143,272,12.125945586503885,81.81040572394255,-0.6553205954979259
143,273,13.46361726778882,57.6699652420415,2.1404646028771834
143,274,6.917811067396509,27.795358419308407,25.990521609055357
143,275,-11.957655234346172,165.5047149555395,-5.609086468453914
143,276,-14.030252939652005,160.07114616345746,-4.010790993211303
143,277,-11.113500920516799,169.07174895499617,-3.39911949151175
144,270,13.075521182981438,88.95463320470041,0.46938904202533793
144,271,14.027579251298134,95.58262950769442,-4.941222578437133
144,272,12.139963444822856,83.0233601947065,-0.8747916099895243
144,273,13.606380863487413,59.02734653553864,1.7160826991001223
144,274,7.463727350601647,28.51553922104773,24.473889133265253
144,275,-11.928868912086807,164.3116564389873,-5.539626918884658
144,276,-13.985083781876948,158.67231807833397,-3.9118416622439334
144,277,-11.093071229840438,167.96224017115438,-3.320842474044491
145,270,13.110920613691693,90.26458298507778,0.2347512024883974
145,271,14.061492011848738,96.98808313899787,-5.0923356013200936
145,272,12.252822680749558,84.24764242061919,-1.0895300215411643
145,273,13.658311125992332,60.39013699511603,1.3110089872345658
145,274,7.896167027941997,29.281276681827222,23.016224950809764
145,275,-11.866813141296673,163.12480071387105,-5.469496602192794
145,276,-13.988844470738364,157.27310935840603,-3.811054633649055
145,277,-11.106721281327637,166.8513647043181,-3.2413956975277824
146,270,13.157082913183949,91.57919316207582,0.0064194526572520505
146,271,14.160137287147124,98.40343019333098,-5.239969925484129
146,272,12.261991470602272,85.47287484504143,-1.2979262245412173
146,273,13.62469229745654,61.74980356021218,0.9262897516772128
146,274,8.400412409567124,30.099020927682382,21.603091756643614
146,275,-11.976269607072192,161.92699130347052,-5.397651826001641
146,276,-14.047038929950137,155.86806845252605,-3.7079742454244844
146,277,-11.142693479775488,166.8513647043181,-3.2413956975277824
147,270,13.104698812575961,92.88860808681697,-0.21422154507346858
147,271,14.079913695284453,99.81078383213699,-5.382450978621843
147,272,12.27127395425998,86.69906983895046,-1.500262324694434
147,273,13.74453001137554,63.12161784042641,0.5563839740418832
147,274,8.812933784084635,30.95982472787668,20.248170980695658
147,275,-11.859792016360784,160.74083382839135,-5.325425253580535
147,276,-14.002391491101763,154.46748169517068,-3.6032996872870275
147,277,-11.086275655146855,164.6284629876454,-3.0791047565714726
148,270,13.155959024978802,94.20320073769086,-0.4292246273663882
148,271,14.117303663700808,101.22191696158718,-5.521179130801341
148,272,12.225629643061854,87.92076471633099,-1.6959396927853272
148,273,13.839147848983616,64.50302807050709,0.20111178445543876
148,274,9.159019327902179,31.857057087063442,18.957421552897735
148,275,-11.931666832168208,159.54747407018453,-5.251649858800141
148,276,-13.93611039208891,153.07352277034872,-3.49716198188942
148,277,-11.117634414654306,163.51648508792383,-2.996215106424445
149,270,13.23452995315619,95.52568482755566,-0.6392266478998889
149,271,14.107342451299065,102.6320622685441,-5.655851421278969
149,272,12.312193108909378,89.15111935962132,-1.8872980274284368
149,273,13.821650183443529,65.88287245059044,-0.13769546556465098
149,274,9.567821450448845,32.79650713904126,17.71874055904217
149,275,-11.956158572837321,158.35166328632678,-5.176579898755615
149,276,-13.953715032925937,151.6777862187689,-3.3888752253191137
149,277,-11.01975598035242,162.41428739832799,-2.9129001129315055
150,270,13.17494167165873,96.84225114801453,-0.842293499148001
150,271,14.224249817555027,104.05391945293437,-5.787805889399509
150,272,12.29165862107201,90.37947896890617,-2.0728810512006315
150,273,13.919467010786459,67.27262867138504,-0.46380627724937196
150,274,9.833987871664897,33.764189223922,16.546211329333985
150,275,-11.84643210197022,157.166831335853,-5.101044216627335
150,276,-13.973632401671505,150.28005093752802,-3.2783556592508405
150,277,-11.019241478722426,161.31213595772113,-2.828414847243389
151,270,13.223901918720571,98.16375517978288,-1.0403645175180285
151,271,14.216330901881994,105.47501507054216,-5.916002360545072
151,272,12.32020159616997,91.610725026761,-2.2536545884168344
151,273,13.917387631227657,68.66230546650371,-0.7757189238460558
151,274,10.171162827672926,34.766784332245905,15.42693406999147
151,275,-11.835618334696491,155.9830709825519,-5.024401747672391
151,276,-13.910309213501552,148.8886372037229,-3.166210484695026
151,277,-11.04101464085486,160.2078102725758,-2.742560415385155
152,270,13.25670076094782,99.48857422669292,-1.2333875182913825
152,271,14.216386024569228,106.89613257631058,-6.04066753924645
152,272,12.321533475590643,92.84212440288279,-2.4294192483317887
152,273,13.92111215179772,70.0524966832026,-1.074478370296032
152,274,10.370639654967245,35.79072759463141,14.371149771709758
152,275,-11.855878595595968,154.79727885127653,-4.94642224895423
152,276,-13.93334339455013,147.49491453830157,-3.0516906066677976
152,277,-11.065443706723403,159.10103415081997,-2.655281617963116
153,270,13.23895347806803,100.81163968176027,-1.4208456621324925
153,271,14.239002428245332,108.31953269779345,-6.162136287340405
153,272,12.338708725980204,94.07527855672646,-2.6006015799023654
153,273,14.011796651961014,71.4518525683802,-1.3626546202283811
153,274,10.65891414830043,36.84448417856107,13.365272669851542
153,275,-11.91411998289753,153.60565499964068,-4.866814744603099
153,276,-13.972162039391247,146.09728864127305,-2.9345848474632383
153,277,-11.094978204813636,157.99129542524855,-2.5665018682453
154,270,13.34046625766571,102.1448996649546,-1.6046024908299101
154,271,14.211953632099627,109.74025230388544,-6.280123483360684
154,272,12.377081368771785,95.3122846396285,-2.7676591564158017
154,273,14.05803420518356,72.85593787935524,-1.6399345776717105
154,274,10.899546685052268,37.92328654956172,12.410079995137215
154,275,-11.942930115242351,152.41113884412758,-4.785731628239212
154,276,-13.936941143289863,144.7031800040501,-2.815445965883532
154,277,-11.121267742343374,156.87891940071128,-2.4762094407906288
155,270,13.26542579938101,103.47067828409412,-1.7824146497414777
155,271,14.213438777491671,111.16113515502371,-6.395003508131875
155,272,12.383079885845646,96.5499280109692,-2.93032179280219
155,273,14.078726417241592,74.262192614188,-1.9064534719081256
155,274,11.108396256948794,39.02388431150873,11.504369617805514
155,275,-11.852453495159589,151.22567793732034,-4.7039628394820605
155,276,-13.87829609202097,143.31491889292047,-2.6944263014309677
155,277,-11.099222332957641,155.7687427402713,-2.3847671961180326
156,270,13.330980012686332,104.80304792092892,-1.9563730714796286
156,271,14.229458030573507,112.5836321792916,-6.507010746561201
156,272,12.444986694621491,97.7937778059285,-3.089465248134449
156,273,14.080635655685857,75.66872901376452,-2.162495552002957
156,274,11.268967893541301,40.14143248635498,10.647863973598138
156,275,-11.869438201108606,150.0385060498476,-4.620745952225293
156,276,-13.980656535242789,141.9164119993464,-2.5700378205725793
156,277,-11.03306030964319,154.66518709298006,-2.2925256371404825
157,270,13.336085983475416,106.13595023673201,-2.125837266531536
157,271,14.220344340130897,114.00524872460727,-6.616062973198346
157,272,12.385229598042624,99.03169241928987,-3.2437053106614724
157,273,14.095642322075395,77.07684604875175,-2.408896101283284
157,274,11.45712981107936,41.27853189447304,9.834650971781242
157,275,-11.822466221386476,148.85603431335826,-4.536502723473085
157,276,-13.889558058381754,140.52699191392782,-2.4439206462815757
157,277,-11.002368745397156,153.56469337565446,-2.199174878352469
158,270,13.357726312582598,107.47103644994398,-2.2911826890259874
158,271,14.240077243714827,115.4288453666695,-6.7224870875707445
158,272,12.426879831812947,100.27377875148086,-3.3944724380849487
158,273,14.181415985553215,78.49361539092588,-2.6473626350471435
158,274,11.601068426708583,42.43072672637713,9.064350789138729
158,275,-11.844473045177319,147.67135193716695,-4.450711315591521
158,276,-13.95081027467032,139.1314419253262,-2.314621721925737
158,277,-11.026231158119137,152.46180386033245,-2.1042222328669205
159,270,13.337886999874948,108.80417903968527,-2.4520668988071685
159,271,14.229480469818439,116.85139493404478,-6.82615921158513
159,272,12.422408100030163,101.51545272742622,-3.5413460594462087
159,273,14.208953616353957,79.91320564118706,-2.87733790424094
159,274,11.712262946749114,43.59471322631903,8.335522198350626
159,275,-11.86906540204464,146.48419428289358,-4.363309253391666
159,276,-13.946834200016577,137.73626963716313,-2.1826442988080874
159,277,-10.988472471579659,151.36268321977713,-2.008169307520865
160,270,13.40446741703297,110.14399018069011,-2.60966929534177
160,271,14.290493537203083,118.280059874959,-6.927687686694806
160,272,12.439457867629512,102.75884794886223,-3.6847190789541884
160,273,14.230779030441404,81.33503842312146,-3.0991822411987506
160,274,11.862541576226857,44.774267075164325,7.642600902797525
160,275,-11.80706441762888,145.30324704474742,-4.274906769937489
160,276,-13.844827187032873,136.35128665043584,-2.0488612801157258
160,277,-10.989497104131555,150.2634575168818,-1.9106520117508465
161,270,13.334910171857727,111.47687714500924,-2.762545523929372
161,271,14.263418647895811,119.70603454915944,-7.026533098928933
161,272,12.497192383095102,104.00802490742961,-3.825166640999791
161,273,14.22934720214389,82.75680635063294,-3.3129819855206852
161,274,12.04109528757387,45.97212847658299,6.981485598786591
161,275,-11.89112020912091,144.11387719771864,-4.184366811697452
161,276,-13.878319789500019,134.9629472813741,-1.9118951272403855
161,277,-10.974026442653777,149.16576949248648,-1.811785364158941
162,270,13.429115751571297,112.8191973794089,-2.9127078480581425
162,271,14.301157052935292,121.13579763227659,-7.1232330806956785
162,272,12.445672084967581,105.25207929787658,-3.961592989911395
162,273,14.234372359157897,84.17913430095116,-3.519259547670741
162,274,12.194484311676696,47.18578167230758,6.351340129785222
162,275,-11.861168381744445,142.92749947387546,-4.092509146548936
162,276,-13.905694338510024,133.57184100078126,-1.7716912376323068
162,277,-10.973761885863057,148.06810432236134,-1.7114015231435438
163,270,13.375849415462417,114.15622113357234,-3.058630405767065
163,271,14.319605789649628,122.56741365176237,-7.217729811451952
163,272,12.458084397120393,106.49738964940934,-4.094840177981432
163,273,14.206302564619731,85.59872420251793,-3.7179546657875777
163,274,12.251689317338228,48.40561598049642,5.75460261317765
163,275,-11.883708646727209,141.73885610245122,-3.998887745818186
163,276,-13.815604805580952,132.18973542234076,-1.629358437700411
163,277,-11.02559371401792,146.96525278022617,-1.608977398330838
164,270,13.47474735323715,115.50314408405197,-3.2020870943792525
164,271,14.268372432308118,123.99391645822921,-7.309654215427532
164,272,12.475813173042724,107.74449601867167,-4.2250743851501165
164,273,14.245426889072998,87.02226253926214,-3.910368002652287
164,274,12.366963588654224,49.637364486962774,5.186012591797456
164,275,-11.776575999708667,140.5609300298448,-3.9045009623684184
164,276,-13.852241806434126,130.8039484403373,-1.483506758692096
164,277,-11.01761820526301,145.86318265802333,-1.5050206394088694
165,270,13.445409100789599,116.84716180804143,-3.3418144276704655
165,271,14.3302887401911,125.42662278988503,-7.3998122911122755
165,272,12.543674581968821,108.99839814612886,-4.352900652703173
165,273,14.261302267522758,88.44744185606409,-4.096497024677641
165,274,12.406786601213366,50.87347957120618,4.646797383102535
165,275,-11.866606362562893,139.3739807244185,-3.80772758587344
165,276,-13.878142228905407,129.41554055105317,-1.3341199236017844
165,277,-10.979388186628386,144.76493162298442,-1.3997896270869628
166,270,13.49905684040515,118.19654848325062,-3.4787859477771885
166,271,14.293857545923057,126.85570017108947,-7.487654894347981
166,272,12.43775674713228,110.24172834759165,-4.476671959037087
166,273,14.265219131423931,89.87306504827221,-4.2764979779474475
166,274,12.521728842177717,52.12139972522448,4.131674456938344
166,275,-11.862929538670368,138.18740243230792,-3.70927078367361
166,276,-13.796266527710674,128.0353124091515,-1.1822691588695597
166,277,-10.995288518812318,143.6650883578491,-1.2927314169209074
167,270,13.42105073230542,119.53816704141701,-3.611792988946312
167,271,14.296504349576423,128.2850551283964,-7.573501426036508
167,272,12.5248495878141,111.49377863102947,-4.598420520398598
167,273,14.319890872517844,91.3041893831545,-4.451278184287285
167,274,12.594760899564184,53.37691484241245,3.6406597174436786
167,275,-11.786140895750684,137.00849193945712,-3.609707671285525
167,276,-13.796690853522941,126.65502470413784,-1.0269623946065691
167,277,-11.029210482338252,142.56183013728295,-1.1836161887400123
168,270,13.487328592992107,120.88641733263186,-3.742378368812592
168,271,14.296443516273401,129.714408480445,-7.657403142760184
168,272,12.501419730904768,112.74350674343903,-4.717150569496638
168,273,14.329176832942046,92.73628179260264,-4.620532631889284
168,274,12.670440221874726,54.64027268811558,3.171974078828534
168,275,-11.793467206845271,135.8288418726434,-3.5082963879030955
168,276,-13.79917953631694,125.27445753345614,-0.8680533123221891
168,277,-11.025968728879986,141.4589033258174,-1.0727648273649972
169,270,13.465049200134118,122.23246298801189,-3.869777024237123
169,271,14.330426804382085,131.14717422081048,-7.739619281663444
169,272,12.549814845814051,113.99807994445061,-4.833630860169762
169,273,14.39859780214727,94.17535182388056,-4.785197589863463
169,274,12.699865809964884,55.906840012229424,2.7256931802367714
169,275,-11.78669800319337,135.8288418726434,-3.5082963879030955
169,276,-13.721847763641502,123.90161606171289,-0.7063674185762248
169,277,-10.938270972754427,141.4589033258174,-1.0727648273649972
170,270,13.45420492158319,123.57744125194783,-3.99420842423414
170,271,14.259463463982696,132.57285117311804,-7.819616933812286
170,272,12.55360079381152,115.25304647156244,-4.947523287315369
170,273,14.422433040741529,95.61682593244798,-4.944954328049342
170,274,12.834257336790486,57.18703508629408,2.2968036318768217
170,275,-11.822345308251226,133.46792755449457,-3.299772686778091
170,276,-13.707518742520604,122.53018206820055,-0.5410672149445837
170,277,-11.015081466045,139.26354702423328,-0.846678145666
171,270,13.447025073326591,124.92171554166858,-4.115808077320946
171,271,14.31352585462528,134.0039401041856,-7.898160633931018
171,272,12.547220905995847,116.50739194780066,-5.058824615079219
171,273,14.447891885301013,97.06089098833084,-5.100039599681755
171,274,12.927930995991872,58.47679529065866,1.885602480438284
171,275,-11.829597990415943,132.28462832066828,-3.192365265391844
171,276,-13.76467201868959,121.15300255401051,-0.3711356796302939
171,277,-10.99629092212675,138.1635587728945,-0.7305828063519231
172,270,13.475384036282227,126.2688347773224,-4.23498261926325
172,271,14.372512837987268,135.44093611218494,-7.975314461756785
172,272,12.600902474732827,117.76711323829583,-5.168137344627195
172,273,14.377029876578941,98.49791308184199,-5.249668124491598
172,274,12.952893956967824,59.7692585585291,1.493051074297449
172,275,-11.759562931088501,131.10834225996174,-3.083606890149677
172,276,-13.780424836594063,119.77421682518056,-0.19690757607353743
172,277,-10.95318161074656,137.06787591266172,-0.6130111118838373
173,270,13.472679338222926,127.61570212723257,-4.35153859989071
173,271,14.313472265861634,136.87203987688264,-8.05050002373529
173,272,12.524474983532382,119.01920994148469,-5.274420409084099
173,273,14.42749373956093,99.94000501979399,-5.395324155057939
173,274,12.97396023293881,61.06400678253746,1.1180015404949408
173,275,-11.735084767220915,129.93449049836502,-2.973042069677146
173,276,-13.732660139058241,118.40018627997661,-0.019049749136789237
173,277,-10.901690523776091,135.9773360401752,-0.494029061529963
174,270,13.573521465584482,128.9726599845199,-4.466428130370842
174,271,14.2826939611748,138.3000759865329,-8.123933687619015
174,272,12.573919232247727,120.27625385615853,-5.378825775250626
174,273,14.47717753843208,101.3870745591053,-5.537153361019073
174,274,13.022191857566307,62.36376193386588,0.7585508681447687
174,275,-11.803833875255595,128.75374846481918,-2.859722331617035
174,276,-13.73617648777636,117.02577754668697,0.16324043871377342
174,277,-10.873854473577719,134.88957382736538,-0.3733499401438202
175,270,13.5437183731401,130.32664389732955,-4.578607173087167
175,271,14.372889553653525,139.73713429425604,-8.19627786718638
175,272,12.506371636490744,121.52655629633705,-5.4804608032322495
175,273,14.41703474839625,102.82818467231927,-5.674277719933224
175,274,13.131382710624628,63.67454619127031,0.41217642799913684
175,275,-11.709044211318618,127.58247784708324,-2.7451646126760427
175,276,-13.63803635307199,115.6611633062299,0.3487329876600165
175,277,-10.888703732234159,133.8003080703823,-0.2504506180273032
176,270,13.563785260577724,131.68265442129916,-4.68857143509061
176,271,14.388149538545116,141.17571896870191,-8.267186961083025
176,272,12.619218103124986,122.78816121624496,-5.5808512205318985
176,273,14.46136580762893,104.27373361996304,-5.807872282480984
176,274,13.130113521354023,64.9853643842559,0.08091139836110325
176,275,-11.69934797082724,126.41216542631686,-2.628502684896545
176,276,-13.644610643137684,114.29585717726427,0.5389801393251757
176,277,-10.964806782802633,132.70342222965377,-0.12456091273370423
177,270,13.496921448207349,133.03198720745527,-4.795702125162225
177,271,14.291157796035272,142.60461862051878,-8.336167605129345
177,272,12.52269002450343,124.04011843765983,-5.67839321556705
177,273,14.505693714146998,105.72374335928538,-5.938072526427532
177,274,13.120697104857053,66.29539367521049,-0.23603263371671662
177,275,-11.804370842800772,125.23134171360999,-2.5085007034126496
177,276,-13.70390425947286,112.92458479513272,0.7349329251951287
177,277,-10.965775990594024,131.60642657790078,0.003536267223243373
178,270,13.550210740825309,134.38666504000622,-4.901029149625434
178,271,14.392738356558276,144.0436838350367,-8.404222220576436
178,272,12.532494929676654,125.2930637078028,-5.774001583368717
178,273,14.528541577041597,107.17606430616512,-6.064820177807454
178,274,13.223319177982459,67.61577406154372,-0.542106623930894
178,275,-11.764407315998286,124.05450166541694,-2.3865444978273973
178,276,-13.599349949644457,111.56374300550696,0.9344141626901723
178,277,-10.928790405362575,130.51311516466708,0.13344548391455358
179,270,13.584073552865467,135.74473361245646,-5.004448373231313
179,271,14.311583526375907,145.47464164854264,-8.470526378585928
179,272,12.638881959217363,126.55665149150296,-5.868447707975706
179,273,14.478748526000574,108.62342241155876,-6.187642261536451
179,274,13.221606927084306,68.9361165551535,-0.8355843382488388
179,275,-11.696881278616596,122.88440374438399,-2.2628818574015077
179,276,-13.553905759027948,110.20741285086669,1.1384067099248367
179,277,-10.854023148213797,129.4272854038374,0.26474078071777274
180,270,13.492264841999901,137.09363871864096,-5.105083542250427
180,271,14.333066665866108,146.90774765668266,-8.535604866813982
180,272,12.62686794301208,127.81904891465196,-5.960885500062408
180,273,14.488066912326705,110.07173905623064,-6.307199070769159
180,274,13.300511931255103,70.26443899746145,-1.1189139503168313
180,275,-11.722627421797727,121.71172283183367,-2.1364670936944643
180,276,-13.612188206177416,108.84521221904474,1.3486888397236634
180,277,-10.919468488403936,128.3348875324488,0.39918009245809055
181,270,13.617912995045865,138.45510899601885,-5.20461185744865
181,271,14.423340128011171,148.34988613915695,-8.599794612270623
181,272,12.642733498994108,129.08304280674656,-6.051576422349673
181,273,14.493445464912268,111.52060606617565,-6.423587238050822
181,274,13.340720018397999,71.59686957630305,-1.3918304614367096
181,275,-11.774816554782182,120.53379981459135,-2.0069120841400756
181,276,-13.571970990706278,107.48700246919967,1.5639693836267587
181,277,-10.859125364952996,127.248521853305,0.5352782180858072
182,270,13.63162573787624,139.81796154496976,-5.302246244564684
182,271,14.363748754210926,149.78607797549415,-8.662462935880027
182,272,12.642664361461613,130.34704231360047,-6.14045880859182
182,273,14.543500122260802,112.9745008345202,-6.537277040323129
182,274,13.319786213007921,72.92729777389276,-1.6537228007850835
182,275,-11.683282354253816,119.36502370252735,-1.8757331758491327
182,276,-13.574005615662594,106.12854845217939,1.785128520611638
182,277,-10.854018935857491,126.16264778422337,0.6737735804493921
183,270,13.625197097847622,141.18017921167575,-5.397900170489783
183,271,14.389802034521292,151.2248696724469,-8.724023948355118
183,272,12.671124643012373,131.61389195847423,-6.227780579671929
183,273,14.554842020400798,114.42954422769853,-6.648068264031017
183,274,13.430559247091152,74.26888731263247,-1.9076965894739926
183,275,-11.676174165642806,118.19694951569883,-1.741933878555511
183,276,-13.556929350469046,104.7717521009844,2.0120920882745734
183,277,-10.883579935517286,125.07381102941822,0.8151837345051007
184,270,13.589277931935401,142.53881259771367,-5.491432486366977
184,271,14.42157810335667,152.66685502076805,-8.784531189566367
184,272,12.588832625752694,132.87252212437906,-6.312841286025559
184,273,14.498028911626353,115.87893223354844,-6.7555725758536695
184,274,13.403547217263862,75.60785342005339,-2.151623431122543
184,275,-11.70758979597442,117.02571392776302,-1.6049776332931234
184,276,-13.562220191815133,103.41437599946009,2.245485803159606
184,277,-10.907690261362129,123.98254055833296,0.9595304995735014
185,270,13.595332409019893,143.8980703815142,-5.583193696138336
185,271,14.31853648539935,154.09853947051107,-8.843460988980333
185,272,12.68068938483997,134.1403352424237,-6.3968648764742095
185,273,14.56896944335318,117.33541959162712,-6.860842311937386
185,274,13.465275593543828,76.9530508133099,-2.387617073411964
185,275,-11.709753409311057,115.85424608593708,-1.4651054127353236
185,276,-13.522064031439733,102.0609781112301,2.484774564432007
185,277,-10.782972743464818,122.90374260494619,1.1048791664959767
186,270,13.644094862669204,145.26219892383003,-5.67351230349112
186,271,14.394618354210312,155.53782658563264,-8.90158617302802
186,272,12.685309125944631,135.40862881106472,-6.479303717748071
186,273,14.536755588425885,118.78870350834605,-6.963226547529166
186,274,13.425119609808547,78.2943319364217,-2.614372034461817
186,275,-11.659806493140957,114.68776228466514,-1.3228649415411162
186,276,-13.492424831978513,100.7104855074947,2.7303847461093724
186,277,-10.802492642090442,121.82296770849298,1.2532133389584323
187,270,13.558016915509914,146.61774129809524,-5.761554951600802
187,271,14.365851186535567,156.97424959193245,-8.958509901582332
187,272,12.653430944952365,136.6737377305004,-6.559970914150502
187,273,14.629951123752157,120.25131731922697,-7.063692136263594
187,274,13.462162337232654,79.63936456466864,-2.8336499900002816
187,275,-11.704199944007062,113.51681678021721,-1.1770093342637644
187,276,-13.47099856512319,99.36209513311839,2.982726852094058
187,277,-10.824906429074337,120.7399406926706,1.4046652686685681
188,270,13.565959272794778,147.97408200079911,-5.8479942022775795
188,271,14.365917463094144,158.4106849403356,-9.014379612091933
188,272,12.667567905013357,137.94025913848188,-6.639207298417234
188,273,14.574942891263305,121.70844294298303,-7.161306554524437
188,274,13.546447635951663,80.99286741318494,-3.0465455062004496
188,275,-11.70476838954528,112.34580302935082,-1.0279664365414658
188,276,-13.396076622083948,98.02115391059695,3.241041900149105
188,277,-10.86424692712359,119.65296497672142,1.559578709815478
189,270,13.579740457484798,149.33180168560804,-5.932909600401918
189,271,14.363266852341392,159.84685228455442,-9.069213754094818
189,272,12.705075295535726,139.21053990549652,-6.7171933514631075
189,273,14.617037093875997,123.16979088628766,-7.256814709985816
189,274,13.586704431953146,82.35045345277098,-3.2526704439160223
189,275,-11.699635108049945,111.17528156054497,-0.8757031009172399
189,276,-13.326068088523607,96.68715872397289,3.5056403787853085
189,277,-10.807995651341447,118.57159670751452,1.716670224223078
190,270,13.649378108120267,150.69649206384122,-6.016681233325969
190,271,14.360374220225532,161.28275044775947,-9.123040854850471
190,272,12.681061926721505,140.4784330382178,-6.793590640581676
190,273,14.604811188221422,124.62993761437644,-7.349941436887132
190,274,13.504869284025046,83.6999309303988,-3.450585897224998
190,275,-11.673723912981423,110.00733148758641,-0.7203920824485383
190,276,-13.332985461197934,95.352410983539,3.778347246684642
190,277,-10.829421770096674,117.48806891999398,1.8771425097809633
191,270,13.647154329571894,152.0609681471104,-6.0989000855785
191,271,14.450491055282084,162.7276503924791,-9.176226629011124
191,272,12.678507292375153,141.74607414042742,-6.868572137430463
191,273,14.587647777294137,126.08836955490275,-7.440743268960374
191,274,13.556271116456598,85.05457936120665,-3.6426167165994165
191,275,-11.640999881273022,108.84263888383109,-0.5620350385978484
191,276,-13.26884770557574,94.02402988339661,4.058027495880716
191,277,-10.727515238339636,116.41472470406025,2.0392241983709862
192,270,13.613861605436657,153.4221236144149,-6.179427007560854
192,271,14.442560870622824,164.17176276931562,-9.228428800711074
192,272,12.672291520747345,143.01309884563457,-6.942155995236181
192,273,14.556186731297766,127.54367474445253,-7.5292214055280695
192,274,13.522198260134408,86.40588221779521,-3.8278718288058955
192,275,-11.555590197945625,107.6864743658313,-0.40128300590365173
192,276,-13.307907908533736,92.69164327061395,4.347237201109708
192,277,-10.734483865913695,115.34066053993142,2.2046144071961455
193,270,13.578202214173501,154.77971736268117,-6.258299278777069
193,271,14.41591990232081,165.61322271904967,-9.27960879805028
193,272,12.673811488231985,144.28027863163382,-7.014424631900258
193,273,14.620973197443139,129.0054629049732,-7.6160275926880905
193,274,13.564814978661937,87.76148784273744,-4.007702572178684
193,275,-11.578388993371652,106.52801343855141,-0.23653630818625151
193,276,-13.284937055705726,91.36149146452105,4.645058665415442
193,277,-10.693581200822724,114.27068149258189,2.372654948536378
194,270,13.56664698991992,156.13616112428093,-6.335703145759163
194,271,14.415408401817874,167.05462549309524,-9.329885866121371
194,272,12.648479449132843,145.54493650817716,-7.085264498141279
194,273,14.57111951332298,130.46228076917376,-7.700549673199621
194,274,13.66850870465593,89.12748957724224,-4.183113196825151
194,275,-11.568597241961978,105.37050029400172,-0.06812095741107613
194,276,-13.241189921786944,90.03564881969862,4.9514052974101235
194,277,-10.69464891315274,113.20056864187755,2.5440907546572626
195,270,13.679190258027461,157.5038689920828,-6.412369040308108
195,271,14.408832437497757,168.49536740327957,-9.37926321621218
195,272,12.659858134725479,146.8107355664732,-7.154917042749777
195,273,14.626047068471527,131.92459695936995,-7.783462244842039
195,274,13.656790231919793,90.49236016791251,-4.352841295062393
195,275,-11.549837323007715,104.21485074574085,0.10395066986687629
195,276,-13.198124197764463,88.71402069725077,5.266678638251958
195,277,-10.700827621051118,112.129818214861,2.7191109159598836
196,270,13.618952469161083,158.8655504665373,-6.487356190581056
196,271,14.44631848959297,169.93987375933318,-9.427912554627035
196,272,12.73307813756855,148.08384630379933,-7.223742551382062
196,273,14.62757976738343,133.38707890541312,-7.864517103638596
196,274,13.694841503795951,91.86106276739223,-4.51774886001576
196,275,-11.553375702627434,103.05881711606234,0.28014683139412716
196,276,-13.1313139571028,87.39900929217706,5.590681543645282
196,277,-10.725289821283104,111.05660758195224,2.8981381986208454
197,270,13.635735395648526,160.2289210655972,-6.561131029498955
197,271,14.46069332357513,171.38581360835244,-9.475772921442768
197,272,12.679542212796877,149.35162830504754,-7.291086856893701
197,273,14.608412055658668,134.84765508451696,-7.943665144974731
197,274,13.727948585694685,93.2331211108746,-4.677983339557609
197,275,-11.515646500672162,101.90653382616686,0.4599667893416717
197,276,-13.095729019146502,86.08747050901499,5.924597412072066
197,277,-10.646746536706264,109.99122183812561,3.079543090809208
198,270,13.697550648272157,161.59848015877665,-6.633959877324661
198,271,14.357926311853284,172.82149523887657,-9.522486146200189
198,272,12.655235316250021,150.61698072799396,-7.357145686773302
198,273,14.621751495099463,136.30957481455195,-8.0211431400006
198,274,13.640165324843622,94.59642640020381,-4.832390031616103
198,275,-11.516852769031996,100.75410805078269,0.6441524638590899
198,276,-13.040853843596626,84.7813201084795,6.268388202164874
198,277,-10.71438138088546,108.91905325606783,3.2659263201445223
199,270,13.596902821680578,162.95797600672276,-6.705016642610768
199,271,14.390976100466368,174.2604763081603,-9.568519658577486
199,272,12.732382399193904,151.89004644758245,-7.4224712739574725
199,273,14.67537298986034,137.77685137686927,-8.097209226009275
199,274,13.656301308687025,95.96138113519727,-4.982399832490087
199,275,-11.52877412741809,99.60045486012584,0.8330470533036581
199,276,-13.082477351694967,83.47089477074688,6.625183578276372
199,277,-10.643116649017388,107.85398865021256,3.4549950671552843
200,270,13.708199809163073,164.32860263491398,-6.775439521552452
200,271,14.449519414649055,175.7053140334517,-9.613967623925278
200,272,12.655045888073563,153.15538479414963,-7.486300076414912
200,273,14.689078459866417,139.24552174900575,-8.171701471241601
200,274,13.671817122077625,97.32792786815816,-5.128192722995782
200,275,-11.537939211940252,98.44585718517125,1.026787736105798
200,276,-13.002173703147758,82.16840787757181,6.992247542055555
200,277,-10.687443245403415,106.78446598790494,3.648916173598624
201,270,13.620634130430858,165.69048491862247,-6.844234754620516
201,271,14.385378675959755,177.14373941242062,-9.658463708365328
201,272,12.62542903549595,154.4177677332644,-7.548914302382023
201,273,14.63598030441227,140.70887883827132,-8.244338886170295
201,274,13.65846505764129,98.69315851481728,-5.269647859124112
201,275,-11.439970536504154,97.3010464876567,1.2236970321087681
201,276,-12.889758606126744,80.87705817130596,7.369080924532106
201,277,-10.683591424368778,105.71530877660618,3.8469732857310897
202,270,13.65343367145617,167.05565280765487,-6.912046738701914
202,271,14.391574645349387,178.58278096240446,-9.702248350022497
202,272,12.729931401392559,155.69060116298513,-7.610996329997253
202,273,14.60437621305745,142.16909354269183,-8.315293002259939
202,274,13.738301063208954,100.06639800120062,-5.407882129534633
202,275,-11.517147437376924,96.14846481658911,1.426969556936912
202,276,-12.940487677189514,79.58049255878767,7.761092328286907
202,277,-10.58399645908399,104.65608687669692,4.047471910844366
203,270,13.692857080674704,168.42476080537332,-6.978927631471962
203,271,14.391335282177028,180.0218060424437,-9.74531970589468
203,272,12.738882059479353,156.96433694642093,-7.672092628607207
203,273,14.662757012130589,143.63514961409405,-8.385044272816714
203,274,13.713572833518443,101.43718452772157,-5.54198936471095
203,275,-11.464059845140387,95.00116217836005,1.6345162683745047
203,276,-12.831114754691823,78.29475777269305,8.164112655187816
203,277,-10.576682156695183,104.65608687669692,4.047471910844366
204,270,13.673332902584201,169.79191945515757,-7.044615123330727
204,271,14.37126160212485,181.45883595484636,-9.787637288452078
204,272,12.64924054598308,158.22910939997905,-7.731764878929693
204,273,14.623845703121269,145.09731969907972,-8.453172976334375
204,274,13.733434043589979,102.80997734122892,-5.672570159817298
204,275,-11.365662174740828,93.86368564641774,1.8456153758492593
204,276,-12.78698852993647,77.01330728146125,8.580766182151786
204,277,-10.6332343369167,102.5350427820519,4.462357740934131
205,270,13.727287148664578,171.16448431536273,-7.109485577770868
205,271,14.445191860159268,182.90324922562664,-9.829490193437275
205,272,12.672287133194555,159.49619452220747,-7.790577190357651
205,273,14.705384396678099,146.56764826185213,-8.520278580949515
205,274,13.737607328253645,104.18321301147864,-5.7996194804653785
205,275,-11.393694044120389,92.7233717510425,2.0627813334921514
205,276,-12.739986209612903,75.7364102094955,9.011691293390312
205,277,-10.530460990744421,101.48110884027517,4.675463309315176
206,270,13.718852974271947,172.53620366644245,-7.173264437621221
206,271,14.498123243797096,184.35295660417026,-9.870825346132497
206,272,12.692530769843346,160.7652932680818,-7.848534246319536
206,273,14.714082919656555,148.0388512289926,-8.586058663316614
206,274,13.78893494468192,105.5615927083652,-5.923696807529085
206,275,-11.413513743947316,91.58102813301021,2.2861215664251264
206,276,-12.606175131663399,74.47277391614483,9.45455364339651
206,277,-10.536759483493634,100.42650314845923,4.893539208432676
207,270,13.700116901981682,173.90605360776047,-7.235932605223226
207,271,14.485011957600546,185.8013594911376,-9.911467819600173
207,272,12.719239106660895,162.03708472876113,-7.905684684783392
207,273,14.701998068006514,149.5088539431437,-8.65046218245021
207,274,13.792908277201683,106.940394607735,-6.044495209560943
207,275,-11.412723901472065,90.4387157338401,2.515487243794233
207,276,-12.604839149648397,73.20908411379705,9.91476506003231
207,277,-10.516610700684147,99.37388442082909,5.116196677371042
208,270,13.726186933009412,175.2785076482979,-7.297718537652717
208,271,14.451907474386907,187.24644785690577,-9.951379771697102
208,272,12.684794804359809,163.3054296802632,-7.961775571593378
208,273,14.62088661114283,150.9707530980288,-8.713238426162965
208,274,13.818543533893594,108.32177643500937,-6.162325151104357
208,275,-11.36323044782949,89.30131790364779,2.7501093786108277
208,276,-12.481335115061603,71.95759148406867,10.388682303469594
208,277,-10.55895082996858,98.31699027382373,5.3449561449369885
209,270,13.719372590149133,176.65030249012023,-7.358497044526715
209,271,14.471246486582276,188.6934818476152,-9.990722336627975
209,272,12.720667254108958,164.5773581106642,-8.017139147255055
209,273,14.673003251292485,152.43787052649967,-8.775000934559914
209,274,13.846764505589856,109.70600076390576,-6.277316189932166
209,275,-11.34641088548591,88.16557700938613,2.9908693850783905
209,276,-12.437029265926533,70.71035712454966,10.880100730218425
209,277,-10.521866730592059,97.26377257707203,5.578288571243334
210,270,13.68888998138082,178.01902994622586,-7.418188415270004
210,271,14.466336764427139,190.14002875817437,-10.029442911269745
210,272,12.68195342745704,165.84542649862544,-8.071472438665689
210,273,14.685535347264631,153.9062437163882,-8.835611028215267
210,274,13.835685321298126,111.0891369875346,-6.389255492557306
210,275,-11.298280884248504,87.03458501578432,3.237333107593108
210,276,-12.366337284710593,69.46998963889233,11.38896802734121
210,277,-10.444726085979855,96.21823972891423,5.815413499520324
211,270,13.727302690418426,179.3916275850248,-7.477116720299202
211,271,14.440023814590738,191.58394236063418,-10.067500005240598
211,272,12.709464908883511,167.11624621602357,-8.125079992559936
211,273,14.68754809616886,155.3748229608785,-8.89505858048522
211,274,13.77156250323416,112.4658774560073,-6.497849965564192
211,275,-11.26687159885568,85.90670432171707,3.490077331964671
211,276,-12.302183699899395,68.23581662447089,11.91656829667694
211,277,-10.461768264641439,95.1709775965253,6.0586223149610845
212,270,13.724717097352617,180.76394312759746,-7.535121724819754
212,271,14.485137750022897,193.03236262599864,-10.105094269883224
212,272,12.747593799016807,168.390867477627,-8.178019212512291
212,273,14.747364850786717,155.3748229608785,-8.89505858048522
212,274,13.788526726813473,113.8443254938924,-6.60385980247746
212,275,-11.216442199202609,85.90670432171707,3.490077331964671
212,276,-12.180530315832328,67.01362437072936,12.46137835228884
212,277,-10.400633824696344,94.1297796430014,6.3062809978461365
213,270,13.642325222948887,182.1280488254426,-7.591897583613351
213,271,14.441051550954679,194.47638500588064,-10.142007677783955
213,272,12.73821016141041,169.66457778080076,-8.230110621977046
213,273,14.705746543965143,158.3201440749688,-9.01088863208182
213,274,13.846194372054331,115.22855342946784,-6.707677986730149
213,275,-11.204681763142874,83.66451948061699,4.0143879041853685
213,276,-12.150264039962765,65.7941823184279,13.028646255496632
213,277,-10.387562614491996,93.08986676296205,6.559685059896055
214,270,13.762913467076833,183.504198671116,-7.648303959252894
214,271,14.426227559397052,195.9189263432309,-10.178330970138964
214,272,12.733399316003021,170.93779288363876,-8.281391046679694
214,273,14.73919398343559,159.79389897595922,-9.067209821968154
214,274,13.802779480279828,116.6084611552897,-6.808639624963924
214,275,-11.162516647793604,82.54693102923622,4.287243079606593
214,276,-12.091634159000419,64.58031404970826,13.618484865853022
214,277,-10.338217680659312,92.05484914237537,6.818130571142958
215,270,13.668377050938481,184.87091142090264,-7.703477523539013
215,271,14.410243004267127,197.35986121353423,-10.214075053794488
215,272,12.74275798119026,172.21195407943722,-8.331936052280701
215,273,14.665411014357028,161.26028089465845,-9.122206082603615
215,274,13.7993956513819,117.9880398032621,-6.9071414506663436
215,275,-11.12536828443702,81.43299973092894,4.567297067156498
215,276,-11.926767010767964,63.38273197537058,14.226800554448909
215,277,-10.355813628953644,91.01801753947638,7.083506627513095
216,270,13.736878113975882,186.2444633894644,-7.758096916197736
216,271,14.431436631715446,198.80292620613088,-10.249344272244528
216,272,12.733223131266872,173.48515685577567,-8.381687480667292
216,273,14.724403371249345,162.7325616708366,-9.176405765830678
216,274,13.909011720135773,119.37858711284618,-7.004050542280303
216,275,-11.17409605292021,80.3141099542552,4.857108652349154
216,276,-11.792700713861263,62.198292696058424,14.85613662298383
216,277,-10.30249020946542,89.98647601062329,7.3542147070002795
217,270,13.768856662748028,187.62122059293245,-7.812027209092435
217,271,14.427028621484885,200.2455511495491,-10.284086481861983
217,272,12.75233016804624,174.76028318905915,-8.430773990902678
217,273,14.717565877666354,164.2041791860143,-9.229589845666357
217,274,13.826776321750739,120.76092673721242,-7.098107491090766
217,275,-11.138693334755132,79.19870941447864,5.154908317005926
217,276,-11.77417590821999,61.015316982571186,15.514276596146228
217,277,-10.254315026447008,88.95972617454207,7.630550688181702
218,270,13.707258139586012,188.99182620494247,-7.864922555975486
218,271,14.429179651398325,201.68839897260807,-10.318329032177395
218,272,12.747782968647966,176.03495362033823,-8.479119114840456
218,273,14.679499238519863,165.67198515558275,-9.281675921870303
218,274,13.851372005016588,122.14574122135726,-7.190133546907036
218,275,-11.060669587794404,78.09106419275074,5.459845385558878
218,276,-11.639165375587982,59.845519524201954,16.196422063934413
218,277,-10.301816838963617,87.92814202246328,7.915384043180136
219,270,13.7206702589633,190.36377142698558,-7.91709374932824
219,271,14.40340473531577,203.12867128671988,-10.352017651307754
219,272,12.788322368910567,177.31367326737276,-8.526906678094091
219,273,14.759358117769747,167.14776801877932,-9.333104313684785
219,274,13.849101597297166,123.53033626454854,-7.280020709130165
219,275,-11.010649373063165,76.98834239462242,5.7729857871398105
219,276,-11.491689728769204,58.69015583323798,16.903185660541393
219,277,-10.296069859105042,86.8970873794175,8.20757329029598
220,270,13.767315059029125,191.7403838456165,-7.968679314774301
220,271,14.458091435430008,204.57439419443898,-10.385349248244365
220,272,12.783758783616479,178.59194344052617,-8.573981136287882
220,273,14.732291812586553,168.62087148302314,-9.38352376904659
220,274,13.860363245823178,124.9160701172364,-7.367928091442571
220,275,-11.061258861737059,75.8804617692366,6.097671085593128
220,276,-11.36616566027026,57.54695322498647,17.637473427106674
220,277,-10.199900457801734,85.87561781106471,8.504748543796525
221,270,13.718961149794572,193.11215962166364,-8.019339795035155
221,271,14.434998994106138,206.01783072158946,-10.418154198357163
221,272,12.796494153363755,179.87149453278505,-8.620420703420855
221,273,14.752078487900931,170.09593833514612,-9.433118205136688
221,274,13.868227321040614,126.30259351526296,-7.453899099728676
221,275,-10.965251654344662,74.78213714617202,6.430030504301655
221,276,-11.219878567370662,56.41799902030557,18.39961197207735
221,277,-10.156523970405857,84.8584410567808,8.808612139952098
222,270,13.68258793662044,194.48030537180367,-8.069142581826446
222,271,14.488867603249378,207.46664513323634,-10.450615282794711
222,272,12.75599728009392,181.1469876452963,-8.66604848631783
222,273,14.780312711139812,171.57384615071678,-9.481936345928936
222,274,13.955579994848737,127.69786451224462,-7.538474162102656
222,275,-10.985584416256396,73.68166695381763,6.774034917831121
222,276,-11.042703548576906,55.30636701228517,19.18908833702948
222,277,-10.101835868123691,83.84667304071199,9.119049897340744
223,270,13.677350232520423,195.84792957368023,-8.118219555470512
223,271,14.461692158859721,208.91274287174625,-10.482559682683911
223,272,12.689155175935133,182.41581272476566,-8.710793548364721
223,273,14.699974940268296,173.04371911205484,-9.529646110821455
223,274,13.932450012668628,129.0908361230478,-7.621034894183042
223,275,-10.900143722506414,72.58967008382895,7.126835813205865
223,276,-10.94167242500445,54.2043106006184,20.01339334481797
223,277,-10.15061860822497,82.82994217667431,9.439592087075676
224,270,13.760426949383755,197.2238688978932,-8.16689691057667
224,271,14.495508363859715,210.3622361129796,-10.514131684481672
224,272,12.768800756463861,183.69259096846952,-8.755184278071654
224,273,14.671010004028139,174.51069920712467,-9.57644542413927
224,274,13.909331050297839,130.4814941866421,-7.701651444499772
224,275,-10.858642368666288,71.50172328204484,7.49026514231246
224,276,-10.787479912159492,53.11715540251555,20.87088621539324
224,277,-10.059935646949011,81.822248770439,9.766142979105716
225,270,13.768325264350052,198.6005848326446,-8.21491583295852
225,271,14.430858748220636,211.80525480007293,-10.545126987336769
225,272,12.771904415757325,184.969689448182,-8.798962536259396
225,273,14.680471398249502,175.9786249386252,-9.622479217628499
225,274,13.93326254686984,130.4814941866421,-7.701651444499772
225,275,-10.81588393131947,70.41797373468705,7.864773985463956
225,276,-10.601318947783977,52.04810787872009,21.76109742652853
225,277,-10.0580615881122,80.81465508109638,10.101868623069798
226,270,13.759649443286664,199.97645063770085,-8.262234048451583
226,271,14.496637109298279,213.25484700804503,-10.575834864325715
226,272,12.76318797647528,186.2459188507959,-8.842101012113599
226,273,14.767095107453738,177.45521470878936,-9.66800207022705
226,274,13.958498251132417,133.2706869498404,-7.8581332387872935
226,275,-10.803117982443911,70.41797373468705,7.864773985463956
226,276,-10.394960479699948,50.9991612974061,22.684291893462206
226,277,-10.066646113105792,80.81465508109638,10.101868623069798
227,270,13.754234875581064,201.35177089599827,-8.308877046717798
227,271,14.486910147756522,214.7034767142937,-10.60610199709668
227,272,12.802900117543373,187.5261154175264,-8.884773714012514
227,273,14.757141426957176,178.93081378423688,-9.712729977597734
227,274,13.885184265589965,134.65895717635593,-7.933538818401452
227,275,-10.772355030271227,68.26024789754325,8.65025427363183
227,276,-10.229311390485247,49.966122184603506,23.64647845454777
227,277,-9.986385110806255,78.80925912590386,10.799115235318363
228,270,13.716981952450036,202.72337055186637,-8.354753731227087
228,271,14.419992483298865,216.1454096308466,-10.635820413094045
228,272,12.75045698614166,188.80107039591974,-8.92668692536995
228,273,14.772779922595237,180.40797119420938,-9.75675892217506
228,274,13.935794214153013,136.05230175548698,-8.007632206425962
228,275,-10.62347567685183,67.1954377462901,9.058897073495615
228,276,-9.983724467095996,48.957074653679705,24.6423887571291
228,277,-9.935156700128726,77.81374403005101,11.160493124801489
229,270,13.677086998461444,204.09097952799289,-8.399873518272074
229,271,14.440328311312225,217.58939098133686,-10.665180595715459
229,272,12.75231729289416,190.07621650917542,-8.96803469487815
229,273,14.738471803491594,181.88171422763443,-9.799960547455676
229,274,13.92373032801207,137.44444760086742,-8.080122806481072
229,275,-10.592018963865948,66.13362879193859,9.481280286976796
229,276,-9.739653842936058,47.97180618445272,25.674080683408434
229,277,-9.909248782074789,76.82073624060514,11.531672691124701
230,270,13.685666556480314,205.4594472651466,-8.444411216120747
230,271,14.524183624906316,219.04174262076523,-10.694314870488594
230,272,12.735655928555202,191.34969935886892,-9.008769492782049
230,273,14.721183028346466,183.35372989447686,-9.84240588579536
230,274,13.87543523762177,138.83176943341655,-8.150879106390821
230,275,-10.583523112232587,65.07252127485047,9.919108991802037
230,276,-9.49468298900166,47.01034640114725,26.743610346214844
230,277,-9.830420737066211,75.83555272741715,11.911002083448256
231,270,13.775368876763505,206.83688848427494,-8.488636806375096
231,271,14.493083073185426,220.49099852867698,-10.722998992000644
231,272,12.782808034310136,192.62789174420757,-9.049104519790914
231,273,14.684808320830589,184.82210621316088,-9.884060759238267
231,274,13.882610032886381,140.21982079361237,-8.220236164604529
231,275,-10.52588300213632,64.01704570602118,10.3711383096727
231,276,-9.260066341870791,46.071542286768654,27.854746407775913
231,277,-9.826453975645148,74.85066570872489,12.301775145967651
232,270,13.765954629266636,208.21339355195175,-8.532239021955817
232,271,14.497385650227686,221.94067443400735,-10.751311336217604
232,272,12.807858785139882,193.9086006838258,-9.088977026521977
232,273,14.713741170852375,186.2933723151517,-9.92512747776549
232,274,13.992165624248805,141.61881934621925,-8.288730374541815
232,275,-10.44561431868634,62.969442761626595,10.837083601515799
232,276,-8.98675295946459,45.15929873864304,29.00538823429405
232,277,-9.735158157422617,73.87482768696313,12.7009129020121
233,270,13.720193794634508,209.585324841371,-8.575118010880617
233,271,14.51246561043257,223.39186027791473,-10.779279954890882
233,272,12.804787238287533,195.18899727214776,-9.128308396370851
233,273,14.708526006456948,187.76413514490858,-9.96552574215703
233,274,13.888252486503237,143.00744212996355,-8.35535887857318
233,275,-10.40898696225738,61.925355657030536,11.31966382525638
233,276,-8.729363965758957,44.27186266263989,30.200408922374358
233,277,-9.755664082805843,72.8968056221741,13.113478633798707
234,270,13.796858066660398,210.96492340004525,-8.617665986588344
234,271,14.512158216659126,224.84302202003215,-10.806882043325993
234,272,12.78575967083265,196.46749084451886,-9.16706168885016
234,273,14.72009670445398,189.23603924736668,-10.005315857921282
234,274,13.922070542489168,144.39945763688252,-8.420832885885565
234,275,-10.298233722962472,60.892192720569525,11.816207908255926
234,276,-8.43279682845584,43.41316694281976,31.437312217713153
234,277,-9.663093213474014,71.92797031490369,13.535167222420952
235,270,13.706595631446472,212.33549008181427,-8.659379962494745
235,271,14.489486792623048,226.29192734085555,-10.834083128921549
235,272,12.804045918934067,197.74781944178773,-9.205360530228049
235,273,14.701891148936106,190.70613672087123,-10.04443361213748
235,274,13.923180226750297,145.79158437346248,-8.485031813048964
235,275,-10.238246540686688,59.86484959239075,12.329915842460597
235,276,-8.09119798673133,42.5877854876771,32.71152158020767
235,277,-9.550411310067188,70.97033386533113,13.96534742630804
236,270,13.744461939121843,213.70985703114627,-8.700664578310997
236,271,14.425573459031215,227.73443164393703,-10.860815482863705
236,272,12.719774525089571,199.01972129484622,-9.242911784721743
236,273,14.77307891299974,192.18335314659996,-10.083127813692322
236,274,13.96422622392209,147.18781819192293,-8.548171573114352
236,275,-10.187565298159928,58.84236836007288,12.86225397876668
236,276,-7.7198573112748115,41.798731052734006,34.019524950676505
236,277,-9.575153829894644,70.97033386533113,13.96534742630804
237,270,13.707508742149312,215.0805249736571,-8.741305074483998
237,272,12.764272816245953,200.296074719249,-9.280107643321363
237,273,14.75570626354312,193.65883070366365,-10.121177348711322
237,274,13.950674890644512,148.5827092797461,-8.610038056302413
237,275,-10.052224639521905,57.83328081589223,13.40959901110582
237,276,-7.41468730030271,41.03895285405452,35.375259345050544
237,277,-9.443167825593514,69.06837372686066,14.861906736476545
238,270,13.714514830331147,216.45188841117027,-8.781443794519117
238,272,12.778027386998255,201.57380060751825,-9.316864466962638
238,273,14.739842152213294,195.1327386422617,-10.158602396537807
238,274,13.971736369139936,149.97970558506665,-8.670817963866027
238,275,-10.031288540070364,56.8260199824303,13.979220082807707
238,276,-7.008541051250518,40.31890863323473,36.76213209279733
238,277,-9.405569358162564,68.12486724481082,15.328975335893409
239,270,13.700133164944853,217.82181259234716,-8.821028687233277
239,272,12.739721076060574,202.84770843550922,-9.353043467600282
239,273,14.75234092879482,196.60788120680039,-10.195487743004856
239,274,13.952478465396911,151.37478453786068,-8.730369447353796
239,275,-9.97094826957792,55.82454022463483,14.570231983981811
239,276,-6.607395300756461,39.637967117528554,38.181875008601544
239,277,-9.337334076212782,67.1880567658309,15.808437176843295
240,270,13.706223752145847,219.1923654544529,-8.860129714201664
240,272,12.811777731229546,204.12881454056284,-9.38896463978426
240,273,14.812669524286905,198.0890630873774,-10.231962375225324
240,274,13.917027735442549,152.76632293240118,-8.788661909017602
240,275,-9.870217767418698,54.83291562613786,15.18139473574866
240,276,-6.205976482360908,38.995991066084116,39.63596801417474
240,277,-9.261286635055638,66.25874060425528,16.300388066762572
241,270,13.695417211446639,220.56182020111348,-8.898707361516927
241,272,12.800240012005315,205.4087673113775,-9.424399322865805
241,273,14.702741975382871,199.55925111016793,-10.26762221696426
241,274,14.022129159857284,154.16836807887066,-8.846306601354076
241,275,-9.692119039172061,53.85892057542314,15.808688326191838
241,276,-5.748770071862379,38.39880048934614,41.11147339763517
241,277,-9.286959277550817,65.32665674752464,16.811062917464167
242,270,13.785322095759687,221.94027652195007,-8.93705123071063
242,272,12.740227680869422,206.68272189682477,-9.459225690617396
242,273,14.755286619753704,201.03470615836773,-10.302877063278
242,274,13.989969134545307,155.56720989280737,-8.90276136076025
242,275,-9.639424346396309,52.88986775916792,16.461338064894253
242,276,-5.257358888697457,37.850021760669385,42.59718059917949
242,277,-9.271011777132964,65.32665674752464,16.811062917464167
243,270,13.742839019354202,223.31448417070763,-8.974799347514809
243,272,12.793440533271298,207.96200036946826,-9.493761924676553
243,273,14.827296205788734,202.51735783436564,-10.337778208414713
243,274,14.026243172530702,156.96967414535666,-8.958330271919563
243,275,-9.553224950197208,51.929138762214734,17.138636941186178
243,276,-4.780527257814515,37.347952374339265,44.095063819859924
243,277,-9.061980272588572,63.49320810884608,17.869980130024107
244,270,13.754954777627296,224.68991509098473,-9.012112503831178
244,272,12.714201872895222,209.23335977019488,-9.527659866884854
244,273,14.71294569603109,203.98857723548298,-10.371900880841297
244,274,13.961859933090718,158.36570461987202,-9.012645817564023
244,275,-9.450636014165815,50.97833905844087,17.840932245757095
244,276,-4.312968917257907,36.89133689473838,45.608279113845775
244,277,-9.041720192603007,62.585198059115434,18.423255975736218
245,270,13.748543327989736,226.06469088469876,-9.048948127247407
245,272,12.781518823086262,209.23335977019488,-9.527659866884854
245,273,14.758223449994738,205.46431258024109,-10.405629736590424
245,274,14.03710753468295,159.7692700217648,-9.066277316943465
245,275,-9.296631432482293,50.04265444934822,18.565649608026998
245,276,-4.312511383748894,36.89133689473838,45.608279113845775
245,277,-8.978453206139308,61.68332575951435,18.99326121691925
246,270,13.811349957780553,227.44575365078123,-9.085497926971849
246,272,12.772977110247703,211.78880468505199,-9.594546249447726
246,273,14.832105256295119,206.94745628800538,-10.439035773632991
246,274,14.018834921206327,161.17102189524454,-9.118887651197994
246,275,-9.213702462947523,49.11487144290657,19.319875065139783
246,276,-3.255481128300625,36.13340230017074,48.608703852132344
246,277,-8.904360061731646,60.78866969182753,19.580126367609907
247,270,13.703485704657108,228.816033456474,-9.121320596893458
247,272,12.799545755116583,213.06870228348765,-9.62743476702461
247,273,14.755597767434974,208.422950672481,-10.471790540283996
247,274,13.945063044521925,162.56539149630714,-9.170302091722816
247,275,-9.048179267006494,48.20329505175219,20.098424064938147
247,276,-2.701246878254367,35.83553899202169,50.072317017387284
247,277,-8.73584901892039,59.91077447849039,20.178061449717607
248,272,12.817776161872054,214.35041841123368,-9.6599708610206
248,273,14.794508524413045,209.90233210649433,-10.504162270559073
248,274,13.956082486482495,163.9608633618961,-9.220863667358941
248,275,-8.876443500981612,47.30856115633983,20.90189924755554
248,276,-2.134531801528077,35.59379853502767,51.49287373016518
248,277,-8.683024465137963,59.03791459682406,20.795647587797742
249,272,12.72746929140745,215.6231102808141,-9.691889784875558
249,273,14.76449321453926,211.37870173597065,-10.536009565901754
249,274,13.973739641815095,165.35810274580888,-9.270616898723471
249,275,-8.740222180322437,46.42702253960484,21.735041087842376
249,276,-1.5574988061001578,35.4094420571462,52.85361530448326
249,277,-8.554425622059464,58.17775560831339,21.4282564676818
250,272,12.820127128456386,216.90506543441577,-9.723657098351925
250,273,14.795169553080886,212.85813468304065,-10.567473176265365
250,274,13.986472019012556,166.7566282605581,-9.319564230513283
250,275,-8.561933188640142,45.56290515839077,22.595418171999732
250,276,-0.9793667316917902,35.282534485538385,54.14405183494142
250,277,-8.454449906207538,57.32737977228269,22.078688557638582
251,272,12.824056091644211,218.18740995889806,-9.7550554427339
251,273,14.830060140115998,214.34109888441319,-10.598569546470872
251,274,13.983210772933685,168.1548183619822,-9.367669741596368
251,275,-8.450107587197783,44.70940649366809,23.491762085175303
251,276,-0.3961251230415315,35.213729572101954,55.348610503388656
251,277,-8.398869002345211,56.48228337943698,22.7514384856125
252,272,12.762337537631174,219.4635839826471,-9.785933432957547
252,273,14.788273110769449,215.81985976006902,-10.62914600569561
252,274,14.030094491695722,169.55771051123787,-9.415123955127875
252,275,-8.213657156334309,43.87918675239166,24.412426418634638
252,276,0.19249382532648818,35.20345743660691,56.45650458058848
252,277,-8.326502177156316,55.64413295108272,23.44646156365134
253,272,12.784771152485678,220.74200536146472,-9.816502963592882
253,273,14.72038829004267,217.291835667753,-10.659162847599701
253,274,14.066604003723324,170.96425116468052,-9.46190450886893
253,275,-8.095785420527923,43.0600734852968,25.37275004623911
253,276,0.7743798980053813,35.251768203348526,57.44248037905562
253,277,-8.155777324635537,54.82288474751888,24.156289880722774
254,272,12.728152488205584,222.01476553115572,-9.846582688167478
254,273,14.770435018716116,218.76882040119352,-10.688869973395182
254,274,14.018618706056248,172.36599883046088,-9.507751419204942
254,275,-7.831870404826943,42.266974458824905,26.356997923141407
254,276,1.3505328078169447,35.35799806072809,58.29866880498285
254,277,-8.035433588089393,54.01341613172976,24.885945905983185
255,272,12.727026229210956,223.28742088162906,-9.876312474533933
255,273,14.812006965678597,220.24994819320625,-10.718254595030434
255,274,14.051487924280796,173.7710364107685,-9.552949491475607
255,275,-7.657306409021105,41.49066307236546,27.378011099319735
255,276,1.9205163311654918,35.521595090692735,59.01570467080298
255,277,-7.910662632223688,53.216155297884626,25.63595373153601
256,272,12.83304434002563,224.57066570115032,-9.90594392532221
256,273,14.74579058280081,221.72447913087373,-10.747112838655928
256,274,13.995318040710114,175.17045893986824,-9.597232584919812
256,275,-7.468914783054831,40.73248970437265,28.436519661985006
256,276,2.4923732108995558,35.74266151761407,59.58776795445032
256,277,-7.805542997731772,52.42909844991009,26.409292424862535
257,272,12.841835384256367,225.85480373144594,-9.935254489910976
257,273,14.80011666709222,223.20442259553752,-10.775688220806554
257,274,14.007091825973275,176.57105215694588,-9.640836750143873
257,275,-7.193392672463177,40.00137265440356,29.52160831468266
257,276,2.4821612139884457,35.74266151761407,59.58776795445032
257,277,-7.686255151330464,51.65362074412112,27.205852783958022
258,272,12.83503050119097,227.13825748244582,-9.96421394882191
258,273,14.750024683765705,223.20442259553752,-10.775688220806554
258,274,14.085385642181132,177.97949282350962,-9.683980342693324
258,275,-7.179275239026483,40.00137265440356,29.52160831468266
258,277,-7.4987814478970884,50.89668746944507,28.019253703304848
259,272,12.830031576932308,228.42120686793515,-9.992832558414436
259,273,14.741461503687246,226.1535690267918,-10.831500914139879
259,274,14.015172308439029,179.3809024963657,-9.726223782679225
259,275,-6.7000950841184395,38.612438693874005,31.787445373974702
259,277,-7.375184889128087,50.15172975163757,28.857385283128064
260,273,14.779576672384078,227.63147448512856,-10.858918872963015
260,274,14.020816266487293,180.7828864879487,-9.767817284239491
260,275,-6.401163664548792,37.958578357050754,32.964126191200904
260,277,-7.241330382648662,49.41979093076977,29.72042672900031
261,274,13.997230702102383,182.18251394670773,-9.808690822134059
261,275,-6.143479257341623,37.329629235972995,34.17573389315024
261,277,-7.057483990348415,48.705926558620625,30.603397998800606
262,274,14.0910856505609,183.59152388554236,-9.849197641975106
262,275,-5.842447286041003,36.73002706259767,35.415237270624765
262,277,-6.911438561024884,48.00626350775911,31.512089865721745
263,274,14.078381568230336,184.9992661100024,-9.889040936385987
263,275,-5.485418708611886,36.16561102783911,36.67019591354176
263,277,-6.6873459771497785,47.32876039906418,32.436865735869645
264,274,13.999325628532791,186.39910913694808,-9.928053450569513
264,275,-5.15919660846042,35.63306961302616,37.9472023479563
264,277,-6.549237261442846,46.664548125104574,33.39074856484653
265,274,13.979400377804058,187.79696188719544,-9.966420068317701
265,275,-4.849679961722114,35.130462228409584,39.25190491394498
265,277,-6.363741855377634,46.01847416944412,34.36826224098563
266,274,14.006417465115073,189.19751073691137,-10.004282339580703
266,275,-4.454823061839894,34.66687606499978,40.56005200025797
266,277,-6.147885320338161,45.393630815300035,35.36546859207053
267,274,14.059678033234954,190.60338618032762,-10.041719475377407
267,275,-4.093003497860673,34.23864448319954,41.88000600023741
267,277,-5.953700512395698,44.78773962640979,36.386781903810885
268,274,14.014657771913466,192.00477776163035,-10.078482381709396
268,275,-3.691239235181674,33.85005151118986,43.19662415499778
268,277,-5.727170705646229,44.20411178251611,37.42739098718608
269,274,14.101890175267842,193.41488078735213,-10.114927107505418
269,275,-3.2969052986259606,33.50017052965792,44.51022263658405
269,277,-5.683489476445539,44.20411178251611,37.42739098718608
270,274,14.029937472587733,194.81779749825836,-10.150653862912606
270,275,-2.8931135006589233,33.18990922468326,45.81547868336359
270,277,-5.239049822472073,43.11125367799248,39.552673761743925
271,274,14.10620271085273,196.22833814718584,-10.186051278953142
271,275,-2.4521503200258095,32.923475654079326,47.090288772810084
271,277,-5.021239420766292,42.596954779843756,40.64784580513058
272,274,14.093582124940944,197.63762015624678,-10.220904296989406
272,275,-2.018944090111436,32.69992372715692,48.33284339215295
272,277,-4.785449516029141,42.10571617239219,41.762496834492765
273,274,14.095606401414484,199.04710122791585,-10.255260626750406
273,275,-1.5804568152396594,32.51977968683172,49.53531167756395
273,277,-4.498100101691599,41.64293287263462,42.884080426437926
274,274,14.011206912734611,200.44815207943995,-10.288924957887925
274,275,-1.1368740457801587,32.38344537797939,50.69182050633853
274,277,-4.221332704202474,41.20747810487667,44.014129276628076
275,274,14.10143363502536,201.85822529764218,-10.322326743899302
275,275,-0.6798691837924224,32.29263460178558,51.78395924204517
275,277,-3.960515080195591,40.79759270001267,45.15686375314292
276,274,14.063270897136064,203.26448110033272,-10.355169284998174
276,275,-0.22239035540319124,32.24768438329664,52.7970888509705
276,277,-3.6741064657642046,40.41597843255516,46.30436612786647
277,274,13.98923849210365,204.663324472208,-10.387383949586365
277,275,0.23356184092150203,32.2482250760287,53.72840252962126
277,277,-3.3930333668625563,40.0619875839556,47.457887048997044
278,274,14.025828422265347,206.06584974866988,-10.41923750462615
278,275,0.6927821367446979,32.294598606880086,54.569461980789626
278,277,-3.08939047113665,39.73802400133931,48.608550048659744
279,274,14.096819862758153,207.47546487718373,-10.450811481936823
279,275,1.1486411052011,32.38670987825341,55.30874492991594
279,277,-3.106840686585483,39.73802400133931,48.608550048659744
280,274,14.013873411339823,208.87678615178822,-10.481770840219838
280,275,1.5931075167014739,32.523664094465545,55.93745704436565
280,277,-2.4632078338971626,39.18083587810669,50.89199581496089
281,274,13.994224682612582,210.27614422695225,-10.51226882443558
281,275,2.0512507188836513,32.70647824330073,56.456307211367324
281,277,-2.153085508475449,38.94949578951541,52.012996576335944
282,274,14.09484990430387,211.68556412893514,-10.542572405628245
282,275,2.470737725423811,32.93196364599282,56.855656449290336
282,277,-1.8218695688331823,38.75114977070287,53.10864272427693
283,274,14.055414753436292,213.09104604437974,-10.57238618586947
283,277,-1.5036356795886392,38.58415982227223,54.18561971860357
284,274,14.058833386463562,214.49687701977942,-10.601810743596356
284,277,-1.1635103977177375,38.451169218571785,55.22398644404437
285,274,14.063576926477873,215.9031760344707,-10.630856096367745
285,277,-0.8301535078505874,38.35124539029295,56.226674152433056
286,274,14.051158483427802,217.30822738529082,-10.65949478826323
286,277,-0.49031393715391164,38.285178940407704,57.18361446984227
287,274,14.012909852088796,218.7094656484218,-10.68768399961729
287,277,-0.14819525746096351,38.253196625931444,58.08901558305984
288,274,14.024186789564457,220.11183178270267,-10.715531412672453
288,277,0.1894974206448923,38.25534301979224,58.92518254025873
289,274,14.107811956432704,221.52255860202555,-10.743184049825011
289,277,0.5269948893278943,38.29119652156623,59.69745456247425
290,274,14.026794103987124,222.92517321261985,-10.770325804687793
290,277,0.8727961676126301,38.36142369761722,60.40340111172951
291,274,14.125594977195224,224.33769293207433,-10.79731142970366
291,277,1.1999957561088737,38.46475057272796,61.02607805676188
292,274,14.031895944666237,225.74082108418054,-10.823778631966121
292,277,1.5254703577470328,38.600883053190046,61.565045155959744
293,274,14.025392637475194,227.1433076591385,-10.849902455355702
293,277,1.8524765378424934,38.76988642481305,62.018845766308786
294,274,14.095155328156704,228.5527824686961,-10.875829009371266
294,277,2.1954333032817663,38.97314093072588,62.387217304966114
295,277,2.51546926566533,39.208690932769166,62.664387663591285
